username,like_linda,like_karl_peter,like_sandy,like_kevin,like_martin,like_claudia,used_hashtags
mr.renderer,0.0%,0.0%,0.0%,0.0%,0.0%,0.0%,"['#noctua', '#chromaxblack', '#pccooling', '#nhd15', '#cpucooler', '#cpu', '#pccomponents', '#productdesign', '#produktvideo', '#productcommercial', '#commercial', '#productshots', '#advertising', '#cgi', '#vfx', '#motiondesign', '#3dmotiondesign', '#3danimation', '#3drendering', '#cgistudio', '#cgstudio', '#productioncompany', '#creativestudio', '#c4d', '#xparticles', '#redshift3d', '#werbung', '#werbeagentur', '#graz', '#austria', '#colorgrading', '#musicvideo', '#croword', '#avbaby', '#filmstudio', '#kessler', '#kesslercrane', '#dji', '#ronin', '#followfocus', '#filmcrew', '#ligt', '#parlight', '#filmmaking', '#videography', '#metal', '#melodicmetal', '#metalvideo', '#bts', '#iphone', '#shotoniphone', '#lightroom', '#lightroomcc', '#lightroomccmobile', '#greatstuff', '#setup', '#workspace', '#desksetup', '#visualeffects', '#vfxartist', '#postproduction', '#office', '#productionoffice', '#vfxstudio', '#minimalsetups', '#designyourworkspace', '#workstation', '#palettegear', '#logitech', '#logitechmxmaster', '#dell', '#gtx1080ti', '#cinema4d', '#redshift', '#trvp', '#execproducer', '#commercialproducer', '#vfxsupervisor', '#preproduction', '#officedesign', '#studiodesign', '#meetingarea', '#modernoffice', '#onlinemeetings', '#ipadpro', '#appleipadpro', '#magickeyboard', '#bose700', '#therenderers', '#productive', '#studio', '#computersetup', '#postproductionstudio', '#cgartist', '#3monitors', '#monitorsetup', '#greenscreen', '#rendering', '#onset', '#AVbaby', '#cleansetup', '#threemonitorsetup', '#motiondesigner', '#creative', '#maxon', '#cinedesigner', '#razer', '#audiotechnica', '#ikea', '#incredible', '#pcsetup', '#monogramcc', '#monogramcreativeconsole', '#timeular', '#cheersrost', '#benq', '#benqsw270c', '#shoot', '#cinematograpgy', '#videoproduction', '#dp', '#mountains', '#alps', '#a7s', '#xeen', '#cine', '#cineprimes', '#filmrig', '#manfrotto', '#atomos', '#atomosshogun', '#inspire', '#spotsnapr', '#inspiration', '#visualeffectsstudio', '#coffee', '#macchiato', '#rocketespresso', '#espressomachine', '#portafilter']"
kilian.mittendorfer,0.0%,0.0%,0.0%,0.0%,0.0%,0.0%,[]
caryf90,0.0%,0.0%,0.0%,0.0%,0.0%,0.0%,[]
lora.ulz,0.0%,0.0%,0.0%,0.0%,0.0%,0.0%,"['#frisbee', '#ultimate', '#bibione']"
zita_martus,0.0%,0.0%,0.0%,0.0%,0.0%,0.0%,"['#achtsamkeit', '#meditation', '#bewusstsein', '#lebensfreude', '#wahrheitleben', '#mut', '#herzensweggehen', '#vision', '#berufung', '#motivatorin', '#ehrlichkeit', '#klarheit', '#workshops', '#vortr√§ge', '#zitamartus', '#einfachmachen', '#netzwerk', '#herzensweg', '#wahrheit', '#herzklar', '#selbst√§ndigkeit', '#mutmacherin', '#struktur', '#coaching', '#berufungleben', '#visionsboard', '#bewusstheit', '#visionskurs', '#glaubandich', '#seminare', '#mentoringprogramm', '#selbstliebe', '#motorrad', '#selbstbewusstsein', '#visionskraft', '#mindset', '#glaubenss√§tze', '#dubistwertvoll', '#soundhorn', '#ziele', '#kennedeinwof√ºr', '#zielundvisionskurs', '#selbstwertst√§rken', '#folgedeinemherzen', '#weisheit', '#herzenswegfolgen', '#werteleben', '#freiheit', '#dubistfrei', '#liebe', '#manifestation', '#demherzenfolgen', '#lebedeinevision', '#verbundenheit', '#sichtbarkeit', '#visionen', '#autorin', '#authentisch', '#mehrwert', '#casaananda', '#herzensfreude', '#umsetzung', '#freude', '#herzlichkeit', '#onlinekurs', '#innerefreude', '#lebensweg', '#visionfinden', '#gehedeinenherzensweg', '#lebedeinswahrheit', '#mentoring', '#eigenewahrheitleben', '#eigenekonzepteleben', '#vortragende', '#ideensammlerin', '#freiheitsweg', '#coach', '#visionmachtdichfreu', '#tr√§umeleben', '#onlinkekurs', '#manifestieren', '#f√ºlle', '#erf√ºllung', '#spirituellercoach', '#st√§rke', '#bewusstwerdung', '#mentorin']"
_feiertag_,0.0%,0.0%,0.0%,0.0%,0.0%,0.0%,"['#peinlichstermoment', '#nurheute', '#dankebeljo']"
andreas_future_visions,0.0%,0.0%,0.0%,0.0%,0.0%,0.0%,"['#Sonnenuntergang', '#Vela', '#Korcula', '#Island', '#Dreamview', '#Tesla', '#Supercharger', '#cool', '#nichtschlau', '#grazy', '#airplane_hotel', '#airplane', '#hotel', '#graz', '#uber', '#√Ñrzte', '#porto', '#montenegro', '#marry', '#tesla', '#autonom', '#x', '#future', '#motorcycle', '#BMW', '#Oldtimer', '#office', '#visions', '#bridge', '#personal', '#service', '#startups', '#mountain', '#tellers', '#lawif', '#kubo', '#Flugzeug', '#Topevent', '#Er√∂ffnung', '#Cool', '#Aussergew√∂hnlich', '#Hotel', '#Marry', '#Icetea', '#Holiday', '#heimdisco', '#sound', '#bass', '#beats', '#DJ', '#LJ', '#karaokeüé§', '#soundsystem', '#Party', '#Club', '#sonnenuntergang', '#Sonnenaufgang', '#Sonne', '#Morgenstund', '#Himmel', '#schnappschuss', '#foto', '#wow', '#hammer', '#genial', '#traumhaft', '#traum', '#üëç', '#üëè', '#üëå', '#üòé']"
insta_kevin,41.67%,33.33%,14.29%,55.56%,0.0%,14.29%,"['#hobbyb√§cker', '#weekendvibes', '#gay', '#instagay', '#happy', '#gayboy', '#love', '#ootd', '#nike', '#selfiegram', '#loveislove', '#gaypride', '#oodtfashion', '#gayguy', '#gaymen', '#besttime', '#gaylife', '#gaylove', '#like', '#follow', '#selfiequeen', '#instagood', '#dogsofƒ±nstagram', '#myself', '#followforfollowback', '#gayfollow', '#mirrorselfie', '#gaystagram', '#instagram', '#nofilter', '#2021', '#brot', '#bread', '#backen', '#brotbacken', '#lecker', '#hefe', '#food', '#diy', '#austria', '#foodblogger', '#kevin', '#baking', '#styria', '#graz', '#bakery', '#instafood', '#foodies', '#frommyoven', '#foodporn', '#brotliebe', '#haindlmuehle', '#totalregional', '#sourdoughbread', '#homemade', '#selbstgemacht', '#sauerteigbrot', '#essen', '#selbstgebacken', '#mehlliebe', '#gayman', '#gayhot', '#boy', '#selfie', '#nofilterneeded', '#germ', '#backenmachtgl√ºcklich', '#backenistliebe', '#geb√§ck', '#backblogger', '#backenmitliebe', '#yummy', '#kochen', '#semmel', '#havefun', '#rezepte', '#igersausteia', '#instadayli', '#foodphotography', '#foodstagram', '#foodlover', '#cklich', '#kuchen', '#hobbyb√§cker√∂sterreich', '#cake', '#gaylifestyle', '#torte', '#austrianblogger', '#wirbackenunsdurch√∂sterreich', '#kuchenliebe', '#foodie', '#delicious', '#healthyfood', '#photooftheday', '#picoftheday', '#dinner', '#foodgasm', '#tasty', '#cooking', '#instadaily', '#lunch', '#bhfyp', '#restaurant', '#healthy', '#sauerteig', '#blogger', '#photoraphy', '#photo', '#lipizzaner', '#nature', '#photography', '#xiaomi', '#igersthinkers', '#visitaustria', '#horse', '#photographer', '#natur', '#naturephotography', '#focus', '#august', '#steiermark', '#insta', '#trending', '#shots', '#horselove', '#homequarantine', '#lockdown', '#me', '#smile', '#style', '#cute', '#fashion', '#beautiful', '#life', '#igers', '#goodmorning', '#followme', '#likeforlikes', '#fun', '#lgbt', '#pride', '#lgbtq', '#lesbian', '#queer', '#bisexual', '#trans', '#transgender', '#gaybrasil', '#dragqueen', '#sourdough', '#roggenbrot', '#k', '#haindlm√ºhle', '#backblog', '#ckerei', '#backenmachtgl', '#reels', '#reelsinstagram', '#tiktok', '#explore', '#explorepage', '#viral', '#reel', '#memes', '#india', '#music', '#reelitfeelit', '#foryou', '#reelsindia', '#bollywood', '#likes', '#video', '#happysunday', '#art', '#beauty', '#foodiesofinstagram', '#foodblog', '#foodpics', '#raspberry', '#foodlovers', '#foods', '#sallystortenwelt', '#healty', '#fitness', '#healtyfood', '#l', '#fit', '#healthylifestyle', '#gym', '#diet', '#motivation', '#wachmacher', '#lifestyle', '#workout', '#healtylife', '#healtylifestyle', '#chi', '#sport', '#vegan', '#ringana', '#sofree', '#mondaymood', '#nice', '#cookies', '#oetkergram', '#pudding', '#vanille', '#happyday', '#weekend', '#droetker', '#foodphotographer', '#ViennaFood', '#grazaustria', '#desserts', '#sunshine', '#storytelling', '#following', '#lippizanerheimat', '#cheflife', '#chocolatecake', '#sugar', '#july', '#bakewithlove', '#view', '#hefeteig', '#ohnehefe']"
elisabethdrobar,0.0%,0.0%,0.0%,0.0%,0.0%,0.0%,[]
falstaff.profi,16.67%,16.67%,14.29%,33.33%,0.0%,0.0%,"['#maxstiegl', '#gutpurbach', '#innereien', '#innereienk√ºche', '#biber', '#frosch', '#herz', '#niere', '#nosetotail', '#zerowaste', '#nachhaltigkeit', '#nachhaltigleben', '#nachhaltigkochen', '#chef', '#bestchef', '#besterkoch', '#besonderetiere', '#sustainable', '#falstaffprofi', '#fleisch', '#foodporn', '#massentierhaltung', '#falstaffprofiatwork', '#ahorn', '#ahornsirup', '#sirup', '#kanada', '#ahornsirupauskanada', '#rezept', '#recipe', '#rezeptideen', '#kreativegerichte', '#spargel', '#ente', '#bestchefs', '#shooting', '#schnittlauchbl√ºten', '#bl√ºten', '#flowers', '#farbenfroh', '#StreetArt', '#Hospitality', '#Graffiti', '#TapeArt', '#tapeten', '#farben', '#inspiration', '#kunstausderdose', '#dose', '#spray', '#rolantrettl', '#trettl', '#kunst', '#art', '#design', '#interieur', '#kulinarik', '#kulinarischereise', '#painting', '#malen', '#paintings', '#Falstaff', '#Lohberger', '#Velich', '#Wieninger', '#Ott', '#Reisetbauer', '#Amador', '#Metro', '#Taste', '#tastekitchen', '#genuss', '#guidemichelin', '#sternekoch', '#3sternemichelin', '#streetfood', '#food', '#tortellini', '#youngtalents', '#falstaffyoungtalents', '#challenge', '#wettbewerb', '#patisserie', '#backen', '#kochen', '#s√ºssesbusiness', '#s√ºssigkeiten', '#desserts', '#zuckerb√§cker', '#b√§cker', '#b√§ckerin', '#konditor', '#konditorei', '#konditorin', '#falstaffytc', '#falstaffyoungtalentscup', '#bar', '#bartenderlife', '#barkeeper', '#bartenderslife', '#competition', '#shaken', '#shaking', '#gastro', '#gastronomie', '#takeyourchance', '#youngtalentscup', '#k√ºche', '#gastgeber', '#bewerb', '#chance', '#future', '#zukunft', '#jury', '#talente', '#talents', '#service', '#sommelier', '#sommelierlife', '#takeit', '#cooking', '#tollepreise', '#preise', '#karriere', '#karriereturbo', '#career', '#job', '#dessert', '#nachspeise', '#patissier', '#himbeeren', '#milch', '#holunder', '#gem√ºse', '#gem√ºsek√ºche', '#vegan', '#vegetarisch', '#veggie', '#vegetarian', '#sustainability', '#nachhaltig', '#veganfood', '#foodschool', '#checkitout', '#goodtoknow', '#specialfood', '#unusualfood', '#foodie', '#essensliebhaber', '#blut', '#blutlimette', '#cocktails', '#sommercocktails', '#redcenterlime', '#11erChallenge21', '#11erChallenge', '#like', '#share', '#comment', '#bestFoodFotoChallenge21', '#challengeaccepted', '#foodlover', '#foodphotography', '#bestfood', '#11ergenusswelt', '#11err√∂sti', '#11err√∂stilovers', '#11ermini', '#ytc2021', '#falstaff', '#foodphotopraphy', '#hotellerie', '#fu√üabdruck', '#tagdernachhaltigkeit', '#recup', '#toogoodtogo', '#apps', '#profisgegenverrschwendung', '#travel', '#seachefs', '#WorldClassMoments', '#jobsonboard', '#ReadyForRestart', '#fernweh', '#hapaglloydcruises', '#vitaminsea', '#wanderlust', '#wein', '#sommelierunion', '#vino', '#wine', '#winzer', '#weinwissen', '#grape', '#grapedudes', '#onlinewissen', '#blog', '#lernen', '#podcast', '#podcasting', '#sommeliers', '#sommelerie', '#diplomsommelier', '#notjustapearlchallengeüì∏', '#notjustapearlchallenge', '#foodlovers', '#yanasteudel', '#pearlupyourfood', '#ytc21', '#letsgo', '#goodlucküçÄ', '#ansitzromani', '#ansitz', '#tramin', '#team', '#teamspirit', '#bestemitarbeiter', '#besterjob', '#traumjob', '#besterarbeitsplatz', '#hotel', '#restaurant', '#besterarbeitgeber', '#placetobe', '#bestworkingplace', '#arbeitenwoandereurlaubmachen', '#dreamjob', '#weingut', '#weingutjordan', '#weintrinken', '#weintrauben', '#rebe', '#weinviertel', '#weinaus√∂sterreich', '#gr√ºnerveltliner', '#rotwein', '#rotweinliebe', '#magazine', '#magazin', '#issue', '#bestmagazine', '#reading', '#taste', '#foodmarket', '#juanamador', '#amador', '#michelin', '#3sterne', '#lohberger', '#lohbergerandfriends', '#lohbergerk√ºchen', '#reisetbauer', '#gin', '#velich', '#wieninger', '#ott', '#bernhardott', '#metrocashandcarry']"
soundhorn,0.0%,0.0%,0.0%,0.0%,0.0%,0.0%,"['#2min2mio', '#bewusstheit', '#achtsamkeit', '#lebensfreude', '#berufung', '#musikgibtkraft', '#selbstwertsch√§tzung', '#glaubandich', '#personalisiertenamenslieder', '#soundhorn', '#wahrheitleben', '#herzensweg', '#kinderlieder', '#mutigdiewelterobern', '#meditation', '#entspannung', '#aufstellung', '#selbstwert', '#sandraburgstaller', '#namenslieder', '#wertsch√§tzung', '#dubistwertvoll', '#interview', '#psychotherapie', '#personalisiertelieder', '#zitamartus', '#robertdenk', '#wahrheit', '#klarheit', '#singen', '#waÃàhle', '#maultrommel', '#instrumentenliebe', '#franzwimner', '#gewinnspiel', '#personalisiertekinderlieder', '#liebe', '#wirkungvonmusik', '#aboutBook', '#steirischewirtschaft', '#nurmut', '#individuellelieder', '#selbstvertrauenst√§rken', '#kraftlieder', '#mutigdiewelterobernüî•', '#geschenkkarte', '#interspar', '#selbstliebe', '#namen', '#deinestimme', '#wertvoll', '#musik', '#dubistgutgenugüî•', '#selbstbewusstsein', '#herz', '#dibistwertvoll', '#rhyhtmusinstrumentef√ºrkinder', '#gesundheit', '#instrumente', '#cajon', '#klangbruder', '#jederistmusikalisch', '#selstbliebe', '#musikliebe', '#heimatlieder', '#friede', '#natur', '#schlaflieder', '#leichtigkeit', '#herzensfreude', '#folgedeinemherzen', '#bedeutungvonnamen', '#personalisiertegeschenke', '#diekraftderrituale', '#vortragsreihe', '#warumritualesowichtigsind', '#glaunandich', '#dubistwrrtvoll', '#musikimalltag', '#musikalsbreitensport', '#taufgeschenk', '#personalksiertenamenslieder', '#freude', '#personalisierteNamenslieder', '#mut', '#dasperfektegeschenk', '#mutigdiewelterobermüî•', '#bewusstsein', '#rituale', '#taufgeschenke']"
eisteefreunde,8.33%,0.0%,0.0%,0.0%,0.0%,0.0%,"['#eisteefreunde', '#teaonthebeach', '#hibiskus', '#cassis', '#bio', '#organic', '#nachhaltig', '#eistee', '#test', '#produkttest', '#ausprobieren', '#cocktail', '#icedtea', '#tea', '#tealover', '#fresh', '#frucht', '#fruchtig', '#fruity', '#sommer', '#beeren', '#rot', '#warm', '#erfrischend', '#freitag', '#friday', '#wochenende', '#teeliebe', '#icetea', '#tee', '#ti', '#rooibos', '#rooibostee', '#rotbusch', '#pfirsich', '#peach', '#teampfirsich', '#yummi', '#lecker', '#empfehlung', '#summer', '#erfrischen', '#getr√§nke', '#trinken', '#kalorien', '#rewe', '#bestewahl', '#schwarztee', '#blacktea', '#erfrischung', '#testen', '#montag', '#monday', '#feierabend', '#k√∂ln', '#cologne', '#topmate', '#vegan', '#mate', '#rauch', '#eisteepfirsich', '#probieren', '#rankweil', '#austria', '#√∂sterreich', '#mittwoch', '#milram', '#buttermilch', '#buttermilchdrink', '#zitrone', '#lemon', '#gr√ºntee', '#greentea', '#gr√ºnertee', '#weekend', '#neuheit', '#produktneuheit', '#mutig', '#gewagt', '#neuimregal', '#interessant', '#teinacher', '#genusseistee', '#genuss', '#teamzitrone', '#wednesday', '#dailypost', '#badteinach', '#quelle', '#mineralwasser', '#wasser', '#inspiriti', '#agave', '#himbeere', '#holunderbeere', '#granatapfel', '#guarana', '#saft', '#international', '#bos', '#original', '#pur', '#pure', '#s√ºdafrika', '#southafrica', '#capetown', '#kapstadt', '#niederlande', '#holland', '#amsterdam', '#tester', '#jetferros', '#kombucha', '#waldbeere', '#minze', '#fermentiert', '#gegoren', '#lebendig', '#review', '#produktreview', '#gesund', '#healthy', '#bratee', '#bali', '#baliedition', '#limited', '#limitededition', '#mehrfrucht', '#vanille', '#capi', '#capital', '#capitalbra', '#bratan', '#bratina', '#rap', '#deutschrap', '#rappenundeistee', '#stuttgart', '#berlin', '#bra', '#rappermacheneistee', '#chillig', '#jumbo', '#goodenergy', '#energy', '#energydrink', '#netherlands', '#cranberry', '#ingwer', '#teste', '#veghel', '#supermarkt', '#einkaufen', '#pfanner', '#lime', '#limette', '#wenigerzucker', '#abnehmen', '#hagebutte', '#zuckerreduziert', '#weightwatchers', '#hamburg', '#christinen', '#christinenbrunnen', '#stevia', '#zucker', '#lamate', '#lama', '#peru', '#s√ºdamerika', '#dose', '#can', '#wach', '#koffein', '#besseralskaffee', '#wochenstart', '#liebherz', '#erdbeeren', '#rezept', '#rezepte', '#kochen', '#k√ºche', '#selbstgemacht', '#selbermachen', '#homemade', '#frisch', '#einfachkochen', '#mjam', '#gender', '#m√ºnchen', '#erdbeere', '#rotwiedieliebe', '#fairment', '#klassik', '#klassiker', '#somer', '#s√º√ü', '#sweet', '#s√º√üstoff', '#hitze', '#hochdieh√§ndewochenende', '#eisteeohneende', '#eisteedesmonats', '#chai', '#chaiseven', '#icedchailatte', '#chailatte', '#milk', '#alnatura', '#vly', '#indien', '#urlaub', '#nachmachen', '#selfmade', '#vegetarisch', '#milch', '#milktea', '#share', '#guayusa', '#brombeere', '#berries', '#matcha', '#matchalover', '#trinkwasser', '#spende', '#treeoftea', '#nestea', '#giveaway', '#verlosung', '#gewinnen', '#win', '#gewinnspiel', '#√ºberraschungsbox', '#geschenk', '#giveaways', '#verlosungen', '#gewinne', '#vielgl√ºck', '#fashion', '#testpaket', '#giveawaytime', '#contest', '#verlosen', '#tasting', '#guya', '#drinkguya', '#guayusatee', '#southamerica', '#dschungel', '#toll', '#ilexguayusa', '#ecuador', '#mango', '#ananas', '#pineapple', '#testerin', '#exotisch']"
billardcafe_immervoll,0.0%,0.0%,14.29%,11.11%,0.0%,0.0%,"['#Repost', '#hotshots', '#tablesoccer', '#tfchotshots', '#plexiglas', '#masken', '#wuzzeln', '#verein', '#immervoll', '#immervollgraz', '#garlando', '#tischfussball', '#tischfussballingraz', '#supportlocal', '#bingoqueen', '#kingofthebingo', '#grazlend', '#graz', '#lendplatz', '#billardcafe', '#quarant√§ne', '#wandern', '#zeitindernatur', '#zeitzuhause', '#bleibtgesund', '#mitarbeiterathome', '#billard', '#pool', '#snooker', '#carambol', '#wuzeln', '#dart', '#foodanddrinks', '#comeandplay', '#baldistwiederoffen', '#opensoon', '#savethenight', '#bingobussibaba', '#musikbingo', '#bingo', '#artist', '#band', '#music', '#live', '#concert', '#fun', '#game', '#austria', '#spazierengehen', '#spaziergangmitbaby', '#playingpool', '#ourdoorsareopen', '#unseret√ºrenstehenoffen', '#radlfahrn', '#frischeluft', '#back', '#graffiti', '#underwatherworld', '#aufwand', '#character', '#newpage', '#homepagedone', '#endlichfertig', '#neuehomepage', '#wiederoffen', '#endlichwiederda', '#summertime', '#sommer', '#sommeringraz', '#bingosounds', '#bingoAbend', '#j√§germeister', '#biszumn√§chstenmal', '#wirfreuenunsaufeuch', '#jetztauchbeiuns', '#GEWINNSPIEL', '#Musikbingo', '#win', '#gewinn', '#burger', '#pizza', '#beer', '#livekonzert', '#hundefrauchen', '#loveyourdog', '#sonntagzeitf√ºrbillard', '#triathlon', '#allejahrewieder', '#besteg√§ste‚ô•Ô∏è', '#wochenende', '#hochdieh√§ndewochenende', '#samstag', '#schutzma√ünahmen', '#tabelsoccer', '#drehfu√üball']"
denisevorraber,0.0%,0.0%,0.0%,11.11%,0.0%,0.0%,"['#forbes30under30', '#venice', '#italy', '#mastermind', '#femaleempowerment', '#femalefounders', '#feminds', '#company', '#companyculture', '#employee', '#insiderockets', '#keynotespeaker', '#startup', '#startupfounder', '#blacklivesmatter', '#corgi', '#corgi‚ù§Ô∏è', '#rain', '#igersgraz', '#graz', '#growth', '#onlineacademy', '#startups', '#dog', '#frenchie', '#frenchbulldog', '#dogcontent', '#teamhund', '#rainonme', '#cofoundergoals', '#cofounders', '#corgisofinstagram', '#corgilove', '#femalemastermind', '#speaking', '#keynote', '#womentech', '#vortrag', '#international', '#conference', '#globalconference', '#global', '#speaker', '#startupscenegraz']"
ideentriebwerk,0.0%,0.0%,0.0%,0.0%,0.0%,0.0%,"['#ideentriebwerk', '#startups', '#startupstory', '#Startupscenegraz', '#austrianstartups', '#stammtisch', '#austria', '#igersgraz', '#gr√ºndermesse', '#gr√ºnderszene', '#gr√ºnderstammtisch', '#ideentriebwerkgraz', '#startupspritzer', '#motivationalmonday', '#happymonday', '#goodmorning', '#startupquotes', '#qotd', '#graz', '#entrepreneurship', '#visionnaire', '#inspiration', '#success', '#charlesswindoll', '#ideentriebwerkgrazüöÄ', '#74', '#startupscenegraz', '#fuckupnights', '#startup', '#startuptipps', '#startuphelpingstartups', '#startuptipsüí°', '#austrianstartup', '#podcast', '#motivation', '#quotes', '#businesswriting', '#schreibtipps', '#gruÃàndermesse', '#gruÃànderszene', '#gruÃànderstammtisch', '#FamilyFriday', '#startupaustria', '#pitch', '#startuppitch', '#fuckupstory', '#unicorngraz', '#foundersvoices', '#team', '#pr', '#marketing', '#teamspirit', '#hr']"
davpro90,25.0%,0.0%,14.29%,11.11%,50.0%,42.86%,"['#verr√ºcktnachmarry', '#iceteaüå±', '#eistee', '#fun', '#funny', '#whatsbetter', '#whattodo', '#quiz', '#vote', '#raspberries', '#mate', '#drinks', '#challenge', '#choose', '#decisions', '#friendship', '#friends', '#partnerincrime', '#crazy', '#littlebitcrazy', '#tongue', '#showtongue', '#filter', '#marryicetea', '#refresh', '#refreshing', '#icetea', '#langeweile', '#neues', '#beauty', '#lieblingsmensch', '#shooting', '#grimaces', '#notserious', '#humour', '#productshot', '#funatwork', '#dontworrybemarry', '#icedtea', '#berrydrink', '#haidenspass', '#aeijst', '#newdrink', '#passion', '#wodka', '#alcohol', '#somethingnew', '#thinkdifferent', '#teamwork', '#drinking', '#cheers', '#deliciousdrink', '#business', '#collaboration', '#haidi', '#shadows', '#shadow', '#drink', '#instarunners', '#perfectmatch', '#haha', '#motivation', '#goals', '#reflections', '#cooking', '#bromance', '#bestcousin', '#eating', '#foodporn', '#foodlover', '#chappi', '#friendshipgoals', '#kn√∂delmitei', '#delicious', '#hobbycooking', '#newphew', '#uncle', '#family', '#familytime', '#berries', '#local', '#styriaüíö', '#lesssugar', '#cute', '#bestnephew', '#chocolate', '#mmmmh', '#chocolatelover', '#magic', '#effects', '#videoeffects', '#smile', '#gutaufgelegt', '#videodreh', '#shakeshakeshake', '#shake', '#cooldrinks', '#regional', '#marrymindset', '#bff', '#partnerincrimeüòà', '#berry', '#urban', '#startup', '#austria', '#proud', '#natur', '#yasmintee', '#ingredients', '#experiment', '#organic', '#snapshot', '#startuplife', '#random', '#graz', '#advertisement', '#keepsmiling', '#drinksüçπ', '#puzzle', '#picture', '#berriesüçì', '#freshdrink', '#fresh', '#marry', '#creative', '#concentration', '#schaufenster', '#productdesign', '#products', '#herrengassegraz', '#newcustomer', '#togetherisbetter', '#berrys', '#berrylove', '#marryKunde', '#erhatdiehaaresch√∂n', '#barbershop', '#gin', '#cooperation', '#drinklocal', '#vegandrink', '#glassbottle', '#somethingaboutmarry', '#blackberries', '#bigeyes', '#drinkandfun', '#juicy', '#secret', '#wholefruit', '#delicous', '#verr√ºcktnachbarry', '#tasty', '#styria', '#drinkthis', '#entrepreneur', '#getr√§nke', '#trinkenhilft', '#handmade', '#handmadewithlove', '#grimace', '#youngandurban', '#sunset', '#perfectmoment', '#partneriscrime']"
lucamagdalenaulz,0.0%,0.0%,0.0%,0.0%,0.0%,0.0%,"['#budapest', '#studentmussmansein', '#thursdayvibes', '#iamgettingold', '#bruisesbutmuchfun', '#sorrynotvegan', '#brisbanecityüë£', '#IamtheluckiestgirlüòÖ', '#theperfectsizeforacoffeecup', '#exploretogether', '#happyus', '#coffeecupcrime', '#cappuccinoforsure', '#latteartlicious', '#excitedgirl', '#butdrivecarefully', '#bytheocean', '#homeinnotime', '#14hoursdone', '#6hourstogo', '#omasfotoskills', '#happykid', '#schnappschuss', '#oldbutgold', '#ulzfamily', '#un√ºbertrefflich', '#proudtobepart']"
_katrina_melanja_,0.0%,0.0%,0.0%,0.0%,16.67%,28.57%,"['#boston', '#qualitytime', '#beautifulview', '#aupairlife', '#ringanapeople', '#salzburg', '#ringana', '#love', '#touri', '#sightseeing', '#hiking', '#b√§rensch√ºtzklamm', '#naturelover', '#beautifulaustria', '#visitaustria', '#styriaüíö', '#awareness', '#tbf', '#friendshipgoals', '#travelbuddy', '#internationalfriendship', '#newyear', '#newopportunities', '#2021', '#newmemoriestocome', '#happynewyear', '#breathtakingview', '#ocean', '#nature', '#bealive', '#allthatcountsarethelittlemoments', '#blackouttuesday', '#bmw', '#bmw4', '#bmwgrancoupe', '#lovemynewbabe', '#austin', '#newfamilymember', '#bmwgang', '#finally', '#verdient', '#believeandyouwillachieve', '#trust', '#achieverofunrealisticshit', '#youremine', '#hatersgonnahate', '#vibe', '#cargirl', '#carlover', '#mindset', '#dreamcometrue', '#luxury', '#luxurygoals', '#travel', '#traveltime', '#croatiatime', '#croatia', '#sunrise', '#sisterstrip', '#birthdaytrip', '#finallyvacation', '#roadtrip', '#austin420i', '#repost', '#sistertattoo', '#qualitytime‚ù§Ô∏è', '#tattoo', '#roots', '#cats', '#catlovers', '#universe', '#childoftheuniverse', '#geniessereiammarkt', '#amazingfood', '#graz', '#lovefood', '#foodie', '#enjoyingmybirthday', '#muscarisfrizzante', '#ilovemybirthday', '#ilovemylife', '#family', '#birthday', '#colorfullife', '#fashion', '#timeforadress', '#fancy', '#livingthegoodlife', '#sofree', '#sofresh', '#goodvibes', '#glamgirls', '#throwbackthursday', '#newyorkcity', '#breathtakingviews', '#oneworldtradecenterobservatory', '#timesquare', '#empirestatebuilding', '#centralpark', '#guggenheimmuseum', '#inlove', '#flowers', '#sunshine', '#botanicalgarden', '#enjoyingnaturesbeauty', '#steiermark', '#dobiniherdogherihin', '#lovenature', '#bright', '#beberhexa', '#home', '#favoritesongrightnow', '#missaustriasomuch', '#tryingnewways', '#inspirationalpost', '#tb', '#vorderergosausee', '#feeleverymoment', '#exciting', '#selfdevelopment', '#changeyourvibe', '#highvibe', '#washingtondc', '#travelgram', '#america', '#livingmydream', '#dreamcametrue', '#takebreaks', '#nevergiveup', '#youcandoit', '#gro√üersonnstein', '#mountaintop', '#naturelove', '#throwback', '#newfriends', '#funtimestogether', '#exploreboston', '#lastcallpitches', '#newmemories', '#besties', '#morningslikethis', '#morningslikethese', '#happiness', '#skyismyfavoritecolor', '#sun', '#summervibes', '#beautifullake', '#mountains', '#perfectmoment', '#perfectshot', '#justletmefly', '#readyfortakeoff', '#memyselfandI', '#vacation', '#tbt', '#wandern', '#mountainlove', '#outdoorphotography', '#√ñsterreich', '#extraordinaryview', '#adventure', '#explore', '#bergmensch', '#365austria', '#bergwelten', '#beautifulday', '#view', '#landscape', '#steigauf', '#paradies', '#wanderlust', '#austria', '#loves_austria', '#austriavision', '#autvibes', '#miami', '#wynwoodwalls', '#wynwoodartdistrict', '#goodbyeusaüá∫üá∏', '#seeyasoon']"
simon_reindl_,0.0%,0.0%,0.0%,11.11%,33.33%,14.29%,"['#vollfein', '#verr√ºcktnachmarry', '#sfachlgraz', '#startup', '#foodandbeverage', '#business', '#pictureoftheday', '#rcbirkfeld', '#wolfsrudelsportsteam', '#gohardorgohome', '#startupbusiness', '#startuplife', '#motivation', '#drinkdifferent', '#regionalit√§t', '#plastikfrei', '#vegan', '#√∂sterreich', '#steiermark', '#trinken', '#erfrischung', '#durstl√∂scher', '#drinks', '#urban', '#graz', '#igersgraz', '#eistee', '#nachhaltig', '#swimbikerun', '#agenturreindl', '#meinhausbaugmbh', '#bfast', '#im70', '#zellamsee', '#ironman', '#finisher', '#awesomefood', '#eatandstyle', '#greatday', '#awesomedrinks', '#nicehaircut', '#earlybird', '#sunrise', '#teufelstein', '#home', '#goodtime', '#breakfast', '#g√∂nnung', '#foodlover', '#greatpeople', '#funday', '#funfunfun', '#wedding', '#love', '#friends', '#selfie', '#suitup', '#bowtie', '#weekend', '#grateful', '#enjoylife', '#leckerpizza', '#homemade', '#relax', '#schurl', '#ginmarry', '#speechless', '#proud', '#trilife', '#triaustria', '#tartu2018', '#europeanchampionship', '#wanderlust', '#deuter', '#marryicetea', '#mariazell', '#felberschoko', '#running', '#brooksrunning', '#hausberg', '#hardworkeasywork', '#gatsch', '#garry', '#officeday', '#friday', '#workhard', '#hustle', '#happy', '#innvestmentpunk', '#makersgonnamake', '#digital', '#neweconomy', '#verr√ºcktnachbarry', '#picoftheday', '#landscapephotography', '#photography', '#teambuilding', '#tb', '#family', '#messe', '#innsbruck', '#fafga', '#itell']"
maja.autumn,0.0%,0.0%,0.0%,0.0%,0.0%,0.0%,"['#spring', '#flowers', '#womensday', '#igersgraz', '#weiterbildung', '#wifiwalk', '#lifelonglearning', '#motivation', '#blueberry', '#chiaseed', '#banana', '#breakfast', '#gojiberry', '#healthyfood', '#vegan', '#veganfood', '#whatveganseat', '#yummy', '#tasty', '#fruits', '#fr√ºhst√ºck', '#graz', '#schlossberg', '#instagraz', '#startuplife', '#instagram', '#newtoinsta', '#tbsummer', '#winter', '#visitgraz', '#superfood', '#bowl', '#veganbreakfast']"
kubo_app,8.33%,0.0%,14.29%,11.11%,0.0%,0.0%,"['#kuboapp', '#brot', '#brotbackenmitsauerteiginperfektion', '#brotbackenmitliebe', '#brotduft', '#brotliebe', '#brotbackenistliebe', '#b√§ckerei', '#genuss', '#vollergeschmack', '#handwerk', '#ressourcenschonen', '#hoamatliebe', '#natursauerteig', '#konditorei', '#schokolade', '#schokoliebe', '#schokoladenmanufaktur', '#treue', '#loyalty', '#loyalit√§t', '#kundenbindung', '#regional', '#birkfeld', '#steiermark', '#graz', '#wiederer√∂ffnung', '#wiederer√∂ffnungnachcorona', '#gastgarten', '#kaffeegenuss', '#coffeevibes', '#kaffee', '#kaffeekultur', '#kaffeeingraz', '#grazcoffee', '#supportyourlocalcoffeeroaster', '#coffeelover', '#fr√ºhling', '#gastgartensaison', '#fr√ºhlinggraz', '#visitgraz', '#punktesammeln', '#vorteilegenie√üen', '#bonussystem', '#fr√ºhst√ºcksliebe', '#breakfastclub', '#fr√ºhst√ºckistdiewichtigstemahlzeitdestages', '#reopening', '#cafefotter', '#cafefottergraz', '#kaffehaus', '#kaffeehauskultur', '#fotterbreakfastclub', '#fottern', '#fr√ºhst√ºckingraz', '#fr√ºhst√ºckeningraz', '#breakfastingraz', '#bestbreakfast', '#foodlovers', '#howtodo', '#hamster', '#hamsterliebe', '#nohamsterswereharmed', '#basteln', '#kleber', '#crafting', '#grazliebe', '#rebranding', '#kundengewinnung', '#stammkunden', '#neukundengewinnung', '#treueapp', '#hamstergram', '#summervibes', '#sommerpause', '#urlaubszeit', '#socialmediapause', '#pausensindwichtig', '#worklifebalance', '#mentalhealth', '#shoppingingraz', '#grazerfoodie', '#foodingraz', '#cooking', '#cookingwithwine', '#kochenmitliebe', '#kochenmitwein', '#weintrinker', '#weinliebhaber', '#winelovers', '#laughoftheday', '#quotes', '#quoteoftheday', '#startup', '#startupscene', '#startupaustria', '#linz', '#austria', '#kundenbonus', '#aktionen', '#geldsparen', '#geldsparenleichtgemacht', '#startupgraz', '#startupscenegraz', '#partnerbetriebe', '#grazundumgebung', '#techniccenter', '#haushaltsger√§te', '#elektrofachgesch√§ft', '#elektrofachhandel', '#kundenservice', '#familienbetrieb', '#reparierenstattwegwerfen', '#reparierenistwertsch√§tzen', '#reparierenstattneukaufen', '#nachhaltig', '#nachhaltigimalltag', '#cheersrost', '#genussst√ºck', '#regionaleinkaufen', '#nachhaltigeinkaufen', '#supportyourlocals', '#k√∂stlichkeiten', '#smallbusiness', '#supportsmallbusiness', '#styria', '#interview', '#dasgrammgraz', '#dasdekagramm', '#unverpackteinkaufen', '#plastikfreieinkaufen', '#zerowaste', '#zerowasteliving', '#unverpacktladen', '#√∂kologisch', '#unverpackt', '#regionaleprodukte', '#zerowasteshopping', '#plastikfrei', '#nachhaltigleben', '#nachhaltigingraz', '#zerowastekitchen', '#derzerowasteladen', '#zerowastevienna', '#zerowasteaustria', '#zerowastegraz', '#treuepunkte', '#sammeln', '#frischesbrot', '#weiz', '#backenmitliebe', '#datenschutz', '#datenkrake', '#privatsph√§re', '#konsumentenschutz', '#anonymit√§twahren', '#feedbacksystem', '#grazaustria', '#appentwicklung', '#tellers', '#feedback', '#umfrage', '#hamstern', '#sparen', '#punktesammler', '#onlineshopping', '#shopping', '#schn√§ppchen', '#schn√§ppchenj√§ger', '#belohnen', '#g√∂nndir', '#app', '#shoppingonline', '#shoppinggraz', '#ober√∂sterreich', '#sestrastore', '#shoplocal', '#conceptstore', '#fashion', '#livingingraz', '#cityofgraz', '#aktion', '#gratis', '#lieblingslokal', '#neukunden', '#bonus', '#giveaway', '#gewinnspiel', '#dasgramm', '#zerowastebaby', '#freudeschenken', '#meilenstein', '#feiern', '#marryicetea', '#lavabr√§u', '#prost', '#erfrischung', '#qrcodes', '#qrcodescanner', '#montag', '#thesedays', '#wochenstart', '#lovetoshop', '#baddays', '#goodoutfit', '#shoppingquotesoftheday', '#breakfast', '#breakfasttime', '#fr√ºhst√ºck', '#fr√ºhst√ºckengehen', '#brunch', '#gaumenfreuden', '#esseningraz', '#grazfoodie', '#grazfood', '#grazfoodguide', '#grazfoodscene', '#grazfoodspots', '#partnerbetrieb', '#genusst√ºckgraz', '#er√∂ffnung', '#supportyourlocal', '#regionalek√∂stlichkeiten', '#steirisch', '#heimisch', '#gemeinsamwasbewegen', '#kreatives', '#gutscheineinl√∂sen', '#kundengewinnen', '#schn√§ppchenalarm', '#anleitungen', '#brunchlovers', '#brunchpartnersincrime', '#brunchhard', '#brunchhardorgohome', '#brunchen', '#party', '#loyaltyapp', '#visitlinz', '#visitaustria', '#kundenzufriedenheit', '#hamsterlove', '#danke']"
marryicetea,8.33%,16.67%,0.0%,11.11%,16.67%,28.57%,"['#verruÃàcktnachmarry', '#zischfrischamtisch', '#marryicetea', '#marry', '#beerig', '#beerigbierig', '#beer', '#bierig', '#biermischgetr√§nk', '#erfrischung', '#erfrischungsgetr√§nk', '#lavabr√§u', '#sprudel', '#spritzig', '#erfrischend', '#gaumenfreude', '#prost', '#cheers', '#colddrink', '#urlaubsfeeling', '#holidays', '#summerfeeling', '#spa√ü', '#freude', '#happy', '#larry', '#lavabr√§umeetsmarry', '#graz', '#startup', '#grazerstartup', '#grazerdrink', '#carryicetea', '#carry', '#blacktea', '#ceylon', '#elder', '#lemon', '#zitrone', '#kunsthaus', '#kunsthauscaf√©', '#kunsthauscafegraz', '#kunsthauscaf√©meetscarry', '#schwarztee', '#zitronig', '#holunder', '#frisch', '#lecker', '#eistee', '#icetea', '#genussreich', '#sommer', '#sommergetr√§nk', '#bestdrink', '#genie√üen', '#partnerschaft', '#staytuned', '#carrymeetsspar', '#carryimspar', '#youngandurban', '#SPAR', '#SPAR√∂sterreich', '#news', '#zitronigs√º√ü', '#zitroneneistee', '#eiskalt', '#drink', '#summerdrink', '#summer', '#summervibes', '#erfischungsgetr√§nk', '#regional', '#genuss', '#regionalergenuss', '#igersgraz', '#grazereistee', '#marryvorrat', '#steiermark', '#madeinaustria', '#local', '#madeinstyria', '#elderflower', '#beeren', '#mate', '#rooibos', '#icedtea', '#vegan', '#veganereistee', '#veganaustria', '#veggie', '#2min2mio', '#herrengasse', '#drinkstagram', '#spar', '#verr√ºcktnachmarry', '#newdrink', '#refresh', '#comingsoon', '#zischfrisch', '#exciting', '#Gewinnspiel', '#genie√üerpackage', '#rauersspr√∂sslinge', '#plantbased', '#organic', '#healthyfood', '#healthysnacks', '#snack', '#spr√∂sslinge', '#microgreens', '#baumwollsackerl', '#genussvoll', '#steirisch', '#Beereneistee', '#gewinnspiel', '#win', '#lifestyle', '#food', '#newproduct', '#newin', '#soon', '#spritzigemomente', '#holypit', '#naturdeo', '#verr√ºcktnachlarry', '#marrymeetsbeer', '#goodvibes', '#zischfrischlarry', '#tasty', '#nowavailable', '#teamgoals', '#marryme', '#freitag', '#schlossberg', '#fr√ºhling', '#roiboos', '#2min2mil', '#koffeinfrei', '#koffeinfreiemarry', '#sonne', '#beerige', '#kids', '#familiengetr√§nk', '#berries', '#marryaperitif', '#aperitif', '#ap√©ritif', '#ap√©ritiftime', '#sommeraperitif', '#beerigeraperitif', '#selfmade', '#selfmadeaperitif', '#regionaleraperitif', '#klassischeraperitiv', '#aperitifcocktails', '#cocktail', '#s√º√üeraperitiv', '#erfischend', '#feiern', '#gartenparty', '#grillabend', '#mixing', '#cocktailmixing', '#marrymixing', '#rezepte', '#aperitifrezept', '#bestaperitif', '#doityourself', '#lavarbr√§u', '#bier', '#beereneistee', '#beerigesbier', '#urlaubsgef√ºhl', '#urlaub', '#tr√§umen', '#liebe', '#zischen', '#hitze', '#abk√ºhlung', '#k√ºhlend', '#lieblingsgetr√§nk', '#durst', '#durstl√∂schen', '#wochenende', '#grazerstarup', '#youngandurbanbyspar', '#spar√∂sterreich', '#sparmeetsmarryicetea', '#drinks', '#grazericetea', '#healthyicetea', '#shopping', '#zirtronen', '#sparmeetscarry', '#fresh', '#iceteas', '#icetealemon', '#iceteatime', '#drinkmarry', '#bemymarry', '#rotbusch', '#matetea', '#marrytheberriedicetea', '#kino', '#cinema', '#gl√ºcksgef√ºhle', '#love', '#kribbeln', '#couple', '#verlieben', '#schmetterlingeimbauch', '#kinoliebe', '#ersteber√ºhrung', '#loveatthefirsttouch', '#schubertkino', '#schubertkinograz', '#marrynews', '#launch', '#colddrinks', '#newcomer', '#gettogether', '#localbusiness', '#Gaumenfreude', '#bestergeschmack', '#s√ºffig', '#spritzigeMomente', '#marrykida', '#familie', '#family', '#muttertag', '#natur', '#regionalereistee', '#urbandrinks', '#SriLanka', '#lieblingseistee', '#carrymehome', '#gemeinsamgenie√üen', '#natureistee', '#sommerliebe', '#liebeaufdenerstenschluck', '#marrymeetslavabr√§u', '#prickeln', '#momente', '#durstl√∂scher', '#drinkbythepool']"
xiaoao.tea,8.33%,0.0%,0.0%,11.11%,16.67%,14.29%,"['#berries', '#photoshoot', '#photosession', '#photooftheday', '#photography', '#kumberg', '#styria', '#berriedicetea', '#vollfein', '#throwback', '#redsunset', '#badgleichenberg', '#dusk', '#friendsdinner', '#2017', '#preciousmoments', '#winterwonderland', '#graz', '#augarten', '#january2021', '#refresh', '#reset', '#coldday', '#warmcore', '#swimming', '#breathwork', '#wimhofmethod', '#wimhof', '#pioneersfestival2019', '#hofburg', '#usembassy', '#cocowhitebeach', '#7yearsago', '#philippines', '#guindulman', '#hkbu2011', '#paradise', '#goodoltimes', '#relaxing', '#willgoswimmingnow', '#startupflair', '#moderating', '#startupweek', '#ideentriebwerk', '#steiermark', '#unigraz', '#gewitter', '#gewitterwolken', '#gewitterfront', '#heavyrain', '#goldenhour', '#agameoftones', '#justgoshoot', '#shotwithlove', '#canon', '#eos60d', '#asiahouse', '#longexposure', '#nightphotography', '#thunder', '#lightning', '#instaphoto', '#awesome', '#catchthemoment', '#gehtsichaus', '#2min2mio', '#excitingtimesahead', '#startuplife', '#startup', '#startupjourney', '#entrepreneurlife', '#verr√ºcktnachmarry', '#drinkglobalactlocal', '#workhardplayhard', '#icetea', '#matetea', '#rooibostea', '#raspberry', '#blackcurrant', '#redcurrant', '#blackberry', '#lowsugar', '#markthartmannsdorf', '#afternoon', '#winter', '#cold', '#calm', '#mood', '#park', '#chasingpeacock', '#desperate', '#motifmatters', '#snapshot', '#aula', '#coworkingspace', '#opening', '#fifteensecondsfestival', '#fs18', '#problemsolving', '#creativethinking', '#thereisnooneanswer', '#shoutout', '#startupspritzer', '#supportyourlocal', '#supportsmallbusiness', '#upcycle', '#fairfashion', '#findbalance', '#tuesdaythoughts', '#susegg', '#gusegg', '#summerschool', '#seggaucastle', '#centerforamericanstudies', '#velaluka', '#korcula', '#marinakastela', '#split', '#strategicretreat', '#yacht', '#victoria', '#sea', '#adria', '#plainawesome', '#travel', '#quarantinelife', '#illustrator', '#learnsomethingnew', '#stayhealthy', '#stayhome', '#v√∂cklabruck', '#ober√∂sterreich', '#familytime', '#bigkid', '#findyourinnerchild', '#funnymoments', '#cinemagraph', '#stilllifephotography', '#timelapse', '#igersaustria', '#igersgraz', '#startuprungraz', '#pitchinglane', '#streetfood', '#dj', '#drinks', '#bouncingcastle', '#running', '#pitching', '#goodvibes', '#runhappy', '#instarunner', '#networking', '#soapbubbles', '#seifenblasen', '#picture', '#pic', '#recreationtime', '#playfulmoments', '#oeverseepark', '#weekend', '#lifelonglearning', '#newchallenges', '#colorsplash', '#myunicornlife', '#colorcolourlovers', '#ihavethisthingwithcolor', '#livecolorfully', '#beverage', '#refreshing', '#idea', '#student', '#tea', '#teatime', '#yummy', '#tasty', '#fruit', '#lunch', '#healthylifestyle', '#detox', '#drink', '#happiness', '#tealovers', '#instatea', '#tealove', '#local', '#unique', '#yoga', '#fs17', '#thisyear', '#nice', '#best', '#wonderful']"
mayernaut,0.0%,0.0%,0.0%,11.11%,33.33%,0.0%,"['#digital', '#strategy', '#coworkingspace', '#consultant', '#mayermayer', '#Graz', '#tretboot', '#Croatia', '#pirate', '#krk', '#formula1', '#chill', '#redbullring', '#moon', '#Moonlight', '#fullmoon', '#manonthemoon', '#graz', '#summerinthecitygraz', '#ivents', '#sandsculpture', '#art', '#Greek', '#grafitti', '#summer', '#artwork', '#hangloose', '#Sundowner', '#linz', '#nofilter', '#donau', '#shape', '#italy', '#veneto', '#belissimo', '#mare', '#auszeitmitfreunden', '#fiba', '#streetsport', '#finals', '#kidslife', '#prouddad', '#leechwald', '#turmw√§rterhaus', '#hilmwarte', '#signs', '#noway', '#oneway', '#ride', '#stop', '#no', '#BBQ', '#grillen', '#gambas', '#venice', '#relax', '#dolcevita', '#friends', '#familytime', '#greece', '#paros', '#naxos', '#cyclades', '#apollon', '#island', '#virtualreality', '#oculus', '#newwork', '#innovation', '#hangloosebeach']"
mockerymia,8.33%,16.67%,14.29%,22.22%,33.33%,42.86%,"['#relax', '#relaxing', '#lookinggood', '#lookingmybest', '#lyingaround', '#highheelsneaker', '#coolshoesby', '#dontworrybehappy', '#attitude', '#black', '#blackinblack', '#blackshoes', '#blackhighheels', '#blacksneakers', '#blackisthenewblack', '#streetstyle', '#shoestyles', '#mockerymia', '#shoesdesigner', '#shoemaker', '#shoemakers', '#shoearchitect', '#concrete', '#comfy', '#banana', '#stayhealthy', '#artwork', '#art', '#artsyfartsy', '#kunstinstallation', '#meaning', '#artistsoninstagram', '#artinspiration', '#artinstallation', '#designer', '#designerfashion', '#designlovers', '#lacelessdesign', '#callingallcreators', '#cacinspo', '#shoedangle', '#shoestyle', '#shoelover', '#shoelovers', '#selfmade', '#duck', '#family', '#shoes', '#shoesstagram', '#shoesaddict', '#shoeslover', '#shoesoftheday', '#newshoes', '#üë†üëü', '#shoestartup', '#nevergiveup', '#believer', '#believeinyourself', '#nevertooold', '#mockery', '#mia', '#shoestagram', '#shoeswag', '#shoeaddict', '#shoelove', '#shoesfashion', '#shoeshopping', '#kaninchen', '#passagelinz', '#linz', '#igerslinz', '#igersaustria', '#support', '#mum', '#and', '#i', '#friends', '#shoppingtour', '#popup', '#popupstores', '#popupstore', '#happy', '#awesome', '#firsttime', '#coolshoes', '#shoesofinstagram', '#igersgraz', '#shoestar', '#shoetingstar', '#most', '#comfortable', '#highheels', '#ever', '#mumsupport', '#renemagritte', '#magritte', '#surrealism', '#surrealismus', '#miracle', '#miracles', '#wonder', '#wunder', '#artinspirations', '#artinspo', '#artoftheday', '#artofinstagram', '#memes', '#memesüòÇ', '#highheelshoes', '#highheelsneakers', '#footweardesign', '#footwearfashion', '#footwear', '#batman', '#bat', '#batshoes', '#batshoe', '#happyhalloween', '#happyhalloweenüéÉ', '#happyhalloween2020', '#bestcostume', '#bestcostumeever', '#batcostume', '#nomore', '#footpain', '#footpainrelief', '#footpainsucks', '#newshoesüëü', '#newshoesdaily', '#shoesdaily', '#shoesshoesshoes', '#shoesstyle', '#motherhood', '#mother', '#motherhoodunplugged', '#motherandbaby', '#maria', '#child', '#bondingtime', '#bondingmoment', '#bondingmoments', '#heavenly', '#fashionphotography', '#paradise', '#shoesfromheaven', '#firstfashionista', '#firstfashioninfluencer', '#shoefashionista', '#shoedazzlegirl', '#statementpiece', '#shoesofthefuture', '#shoes2021', '#igersheaven', '#goddess', '#pandemic', '#austria', '#museumsquartier', '#vienna', '#Museen', '#Pandemie', '#√∂sterreich', '#bittersweet', '#leopoldmuseum', '#mumokwien', '#mumok', '#mumokmuseum', '#architekturzentrumwien', '#lockdown2020', '#lockdown', '#theshowmustgoon', '#igersvienna', '#reboot2020', '#announcement', '#dashoes', '#staypositive', '#shoes4life', '#handmade', '#exploretheworld', '#shoesoftheyear', '#highheelsfetish', '#highheellover', '#happyme', '#igerseurope', '#europe', '#moda', '#fashionista', '#statementshoes', '#statementoutfit', '#mummy', '#toiletpaper', '#worthamillion', '#worthafortune', '#halloweencostume', '#halloween', '#halloween2020', '#halloween2020üéÉ', '#halloween2020üéÉüëªüï∑Ô∏è', '#halloween2020üéÉüëª', '#halloweencorona', '#coronacostume', '#halloweencountdown', '#costume', '#costumedesign', '#expensive', '#expensivelifestyle', '#expensivelifestyles', '#mumie', '#halloweenkost√ºm', '#kost√ºm', '#wedges', '#wedgesshoes', '#wedge', '#wedgeshoes', '#wedgeheels', '#wedgessneakers', '#wedgesneakers', '#wedgesshoesheels', '#shoesonfire', '#shoesonfireüî•', '#yellowshoes', '#yellowshoesüíõ', '#yellowheels', '#yellowheel', '#yellowheelsüë†', '#yellowheelsüíõ', '#heelsonfire', '#yellowhighheels', '#newhighheels', '#highheels2020', '#heels2020', '#womenshoes', '#shoes2020', '#slowmotion', '#slowmo', '#splash', '#waterbomb', '#wasserbombe', '#cooloff', '#mesmerizing', '#video', '#shoechallenge', '#waterchallenge', '#challengeaccepted', '#challengeyourself', '#toohottohandle', '#toohot', '#digitalart', '#meets', '#analogart', '#summertime', '#shoesoftheweek', '#hours', '#studioninprantner', '#graz', '#photography', '#photoshoot', '#photoshooting', '#summeroutfit', '#ootd', '#ootdfashion', '#shoegasm', '#shoeporn', '#streetwearfashion', '#streetartphotography', '#outfits', '#outfitinspo', '#outfitideas', '#outfitpost', '#styleblogger', '#styleinspo', '#star', '#stars', '#moon', '#shoefie', '#tbt', '#coolshoe', '#shoesofinsta', '#shoefielicious', '#shoefiequeen', '#shoefies', '#shoeaholic', '#shoestagrammer', '#shoestylist', '#details', '#vatertag', '#fathersday', '#vatertag2020', '#fathersday2020', '#style', '#mode', '#fashion', '#modainsta', '#bedifferent', '#austrianblogger', '#madeinitaly', '#designedinaustria', '#highlights', '#highheelslover', '#highheel', '#highheelsaddiction', '#weekendmood', '#highquality', '#instashoes', '#designed', '#pumps', '#pumpshoes', '#pumpshoe', '#stylereport', '#shoefilicious', '#instagramshoes', '#stylingshoes', '#stylishshoes', '#shoesforwomen', '#myshoestoday', '#shoesofig', '#madeinitalyshoes', '#summervibes', '#learntoswim', '#fancyshoes', '#goneswimming', '#shoefan', '#shoesday', '#sneakerhead', '#fashiongram', '#fashionshoes', '#luxuryshoes', '#newin', '#sapatilhalovers', '#sapatosfemininos', '#shoefreak', '#trend', '#murinsel', '#hothothot', '#summer2020', '#watercooling', '#worldsfirst', '#popuplab', '#niedagewesen', '#gef√ºhl', '#walking', '#experience', '#explore', '#more', '#heels', '#heelslover', '#heelsaddict', '#highheelsshoes', '#newstart', '#freshstart', '#highheelsmurah', '#highheelmadness', '#fashionlover', '#streetfashion', '#fashionstatement', '#statement', '#redheels', '#redheelsüë†', '#red', '#redlove', '#redhighheels', '#redhighheelsüë†', '#redshoes', '#accessories', '#signalcolor', '#roteschuhe', '#rotehighheels', '#unique', '#uniquejewelry', '#uniquewomen', '#uniquewoman', '#style2020', '#styleinspo2020', '#chaos', '#newshoeintown', '#wien', '#goodtimes', '#newchallenge', '#newchapter', '#lifeischange', '#lifeisbeautiful', '#lifestyle', '#newstyle', '#newstory', '#fashionstyle', '#fashioninspo', '#fashionable', '#dressup', '#fridayfeet', '#fridayfeeling', '#fridaymood', '#feetup', '#feetupfriday', '#idontgiveashit', '#instashoestyle', '#shoesfashionista', '#footwearnews', '#blonde', '#damenschuhe', '#shooting', '#spreadtheword', '#winning', '#winwinwin', '#win', '#firstprize', '#firstprizeüèÜ', '#spreadlove', '#together', '#spreadpositivity', '#share', '#vote', '#vote2020', '#teilenerw√ºnscht', '#teilen', '#diesteirerin', '#stadtgraz', '#dicoverunder5k', '#2min2mio', '#latenight', '#shopping', '#latenightshopping', '#passage', '#mut', '#zur', '#gr√∂√üe', '#shop', '#shoplocal', '#designshoes', '#shoeshop', '#designforlife', '#discover', '#new', '#things', '#innovative', '#project', '#research', '#exclusive', '#shopdesign', '#shopdesigner', '#insight', '#insights', '#shopdesigns', '#architecturelovers', '#architecture', '#architecturelover', '#design', '#designlover', '#atnight', '#interiordesign', '#designinterior', '#industrialdesign', '#architecturedesign', '#designerwear', '#designers', '#designboom', '#dezeen', '#designmilk', '#shoebrand', '#brandnewshoes', '#noshoestoday', '#cinderella', '#cinderellastory', '#first', '#famous', '#influencer', '#fairytale', '#perfectfit', '#fitting', '#storyteller', '#comic', '#story', '#glass', '#shoediary', '#heelerella']"
veg_matey,8.33%,16.67%,0.0%,11.11%,0.0%,0.0%,"['#vegan', '#asparagus', '#tempeh', '#veganfood', '#homemade', '#homemadefood', '#veganlunch', '#teriyakitempeh', '#teriyaki', '#plantbased', '#plantbasedfood', '#whatveganseat', '#veganeats', '#crueltyfree', '#noanimalsharmed', '#noanimalingredients', '#veganfoodshare', '#tasty', '#delicious', '#veganfoodlovers', '#veganfoodporn', '#veganfoodie', '#eatplants', '#choosevegan', '#veganlife', '#govegan', '#veganism', '#vegans', '#vegansofig', '#vegansofinstagram', '#veganlasagna', '#vegancheese', '#nomeat', '#nodairy', '#lasagna', '#yummy', '#vegancommunity', '#veganfortheanimals', '#ramen', '#veganramen', '#veganlifestyle', '#brazilnuts', '#selenium', '#healthy', '#healthyfood', '#nuts', '#foodphotography', '#homemadedessert', '#dessert', '#easyfood', '#instafood', '#brunchbox', '#veganbrunch', '#brunch', '#ginkograz', '#welovegreenhouse', '#verr√ºcktnachmarry', '#veganessen', '#pflanzlich', '#veganesessen', '#ohnetierischeprodukte', '#ohnetierleid', '#pflanzlicheern√§hrung', '#graz', '#grazvegan', '#veganingraz', '#√∂sterreich', '#austria', '#igersgraz', '#vegan√∂sterreich', '#veganaustria', '#bananabread', '#veganfortheplanet', '#veganpower', '#banana', '#flammkuchen', '#tarteflambee', '#flamecake', '#wildstrawberries', '#soyyogurt', '#veganbreakfast', '#wildstrawberry', '#breakfast', '#dairyfree', '#vegansnacks', '#snack', '#vegansnack', '#cornwaffles', '#easyrecipes', '#peanutbutter', '#foodporn', '#millet', '#warsaw', '#veganda', '#noeggs', '#veganlove', '#cress', '#homegrown', '#homegrownfood', '#raw', '#rawfood', '#microgreens', '#vegandumplings', '#dumplings', '#plumdumplings', '#celeryjuice', '#celery', '#juice', '#pizza', '#veganepizza', '#veganpizza', '#ohnefleisch', '#tierleidfrei', '#tierleidfreiessen', '#vegangraz', '#cherries', '#fruit', '#fruits', '#vitamins', '#summer', '#food', '#instagood', '#sheep', '#friendsnotfood', '#loveallanimals', '#sheepfamily', '#animalsarefriends', '#animalfriends', '#bekindtoanimals', '#animals', '#animallovers', '#animallove', '#notfood', '#animal', '#cute', '#animalphotography', '#grancanaria', '#veganesfr√ºhst√ºck', '#cafefotter', '#veganfestival', '#slovenia', '#vegafest', '#vegafest2020', '#veganfestivals', '#veganslovenia', '#slovenija', '#noanimalcruelty', '#vegandessert', '#lecker', '#ginko', '#wien', '#glutenfrei', '#mysecretgardencafe', '#wienvegan', '#veganvienna']"
frederic.schramm,0.0%,0.0%,0.0%,0.0%,0.0%,0.0%,"['#jvpmachtschule', '#zug', '#mobility', '#mobilit√§t', '#lt19', '#auftaktsteiermark', '#mehrt√ºrkisf√ºrwien', '#allesf√ºrgraz', '#allesf√ºrunserestadt', '#wbwersonst', '#alsace', '#wien', '#farbebekennen', '#wirf√ºrkurz', '#prayforvienna']"
austriadiscover,8.33%,0.0%,0.0%,22.22%,16.67%,14.29%,"['#steiermark', '#steiermarktourismus', '#steiermarküíö', '#visitsteiermark', '#steiermarkfr√ºhling', '#steiermarkliebe', '#s√ºdoststeiermark', '#styriaisbeautiful', '#visitstyria', '#igersstyria', '#styrialove', '#styriagram', '#√∂sterreichüá¶üáπ', '#√∂sterreichurlaub', '#√∂sterreichliebe', '#√∂sterreichtour', '#√∂sterreichweit', '#osterreichtrip', '#austriaüá¶üáπ', '#austrialife', '#austriagram', '#austriatoday', '#austriatrip', '#austriatravel', '#visitaustria', '#igersaustria', '#loveaustria', '#austriaphotography', '#austrianature', '#feldbach', '#styriaüíö', '#austriadiscover', '#photography', '#madeinaustria', '#nature', '#hirschk√§fer', '#hirschk√§fergeweih', '#hirschk√§ferliebe', '#hirschk√§ferontour', '#stagbettle', '#naturelove', '#oststeiermark', '#naturegram', '#naturejewels', '#forestlover', '#forestlife', '#naturelife', '#haveaniceday', '#naturefriends', '#shootingtime', '#cessna152', '#airportgraz', '#sch√∂ckl', '#mountain', '#adventure', '#cessna152lovers', '#flyinthesky', '#naturephotography', '#flying', '#landscape', '#naturelovers', '#shooting', '#adventuretime', '#shootingday', '#shootingphoto', '#hochwurzen', '#schladming', '#styria', '#austria', '#traveling', '#austrialove', '#austriareels', '#reels', '#reelsofinstagram', '#travel', '#mountains', '#hiking', '#freedom', '#lifeislife', '#freedomaustria', '#paradise', '#austriatour', '#austriaisbeautiful', '#austrialovers', '#love‚ù§Ô∏èüíö', '#stubenberghaus', '#graz', '#taveling', '#travelinginaustria', '#travelgram', '#travellovers', '#travelphotography', '#foodporn', '#echtsteirisch', '#life', '#travelfriends', '#riegersburg', '#dieriegersburg', '#riegersburgcastle', '#riegersburgblick', '#castlephotography', '#castlelovers', '#skyflying', '#freelife', '#sightseeing', '#goodlife', '#upinthesky', '#photoshooting', '#airport', '#cessna', '#cessna152aerobat', '#cessna152flying', '#cessna152pilot', '#flyinginthesky', '#rotweissrot', '#cessna152üá¶üáπ', '#loveüá¶üáπ', '#steigeinundfliegmit', '#flyinginaustria', '#friends', '#summerinthecity', '#visitgraz', '#grazlovers', '#sandskulpturen', '#hauptplatzgraz', '#summer2021', '#sandinthecity', '#fun', '#artwork', '#artoftheday', '#artofinstagram', '#artgram', '#artlovers', '#kreuzteich', '#trag√∂ss', '#naturevideo', '#austrianblogger', '#outdoor', '#lake', '#water', '#nature_brilliance', '#nature_of_our_world', '#natureinspired', '#naturin√∂sterreich', '#naturelover', '#nature_perfection', '#natureinspiration', '#natureshots', '#naturepic', '#naturel', '#naturehome', '#travelinaustria', '#adventuretravel', '#outdoorshoot', '#schladmingplanai', '#schladmingtourismus', '#schladmingrohrmoospichl', '#schladming2021', '#styriatravel', '#austriahiking', '#hikingadventures', '#austriamountains', '#travelingram', '#lakegram', '#lakephotography', '#lakeinaustria', '#relaxing', '#chillmood', '#austriamountain', '#mountainlove', '#summer', '#tavel', '#natureshot', '#natureofinstagram', '#carpediem', '#natureinfocus', '#freizeitingraz', '#natureinthecity', '#outdooradventures', '#photo', '#flyinginnature', '#flyinglife', '#austriaadventures', '#flyingphotography', '#freedomlife', '#2021', '#respectnature', '#cleanthecity', '#natureingraz', '#sauberhalten', '#schauenwirdrauf', '#natureislife', '#naturediscovery', '#nature_lovers', '#naturephoto', '#stadtgraz', '#housemountain', '#natureshotüíöüíô', '#bestplaceaustria', '#naturpur', '#stradnerkogel', '#madeinaustriaüá¶üáπ', '#followus', '#travellife', '#lakelovers', '#lakeview', '#summervibes', '#summer20121', '#summertime', '#summerfun', '#summerlove', '#30grad', '#swimming', '#ralaxing', '#hochwurzenh√ºtte', '#austriatraveling', '#mountaininaustria', '#mountaindiscover', '#visitschladming', '#1852m', '#hochwurzenschladming', '#naturjuwel', '#natureinaustria', '#lakeinstyria', '#sunfun', '#cloudsurfing', '#clouds', '#cloudscape', '#cloudstagram', '#cloudslime', '#cloudssurfing', '#flyingprivate', '#flyingintheclouds', '#naturereels', '#naturefreedom', '#summerfeeling', '#forest', '#trees', '#treesofinstagram', '#treesinnature', '#forestlove', '#photpgraphy', '#naturetravel']"
pichler.tom97,0.0%,0.0%,0.0%,0.0%,0.0%,0.0%,[]
_punk_platypus_,0.0%,0.0%,0.0%,11.11%,0.0%,0.0%,"['#nasenaction', '#skrrt', '#sheesh', '#dog']"
cc_pippo_lly,0.0%,0.0%,0.0%,0.0%,0.0%,0.0%,"['#teamyellowitz', '#artemis', '#likeforlikes', '#toosexyforinstagram']"
waltraudfeiertag,0.0%,0.0%,0.0%,0.0%,0.0%,0.0%,[]
