UserScreenName,UserName,Timestamp,Text,Embedded_text,Emojis,Comments,Likes,Retweets,Image link,Tweet URL
Ù†Ù‘Ø§ÙŠÙ,@_thenun,2021-01-27T17:29:39.000Z,"(Lincoln (2012)
(Saving Private Ryan.)1998)
(jurassic park)1993)
(Indiana Jones)2008)",,,,1,287,"['https://pbs.twimg.com/media/EswV7VgXMAIVrOt?format=jpg&name=360x360', 'https://pbs.twimg.com/media/EswV7zKXYAEz7MK?format=jpg&name=360x360', 'https://pbs.twimg.com/media/EswV7lVXEAYcZ62?format=jpg&name=360x360', 'https://pbs.twimg.com/media/EswV8CCXMAQFhIo?format=jpg&name=360x360']",https://twitter.com/_thenun/status/1354481712051445771
Ù†Ù‘Ø§ÙŠÙ,@_thenun,2021-01-30T00:39:49.000Z,,,,,,29,"['https://pbs.twimg.com/media/Es8LkGBXUAI33_L?format=jpg&name=small', 'https://pbs.twimg.com/media/Es8LkeEWMAMrI8_?format=jpg&name=360x360', 'https://pbs.twimg.com/media/Es8LktJXcAMCFWk?format=jpg&name=360x360']",https://twitter.com/_thenun/status/1355314740998889474
Ù†Ù‘Ø§ÙŠÙ,@_thenun,2021-01-29T21:47:23.000Z,Ø¬Ø§ÙƒÙŠÙ† Ø³Ø§Ù…Ø§ Ø¨ØµÙˆØª Ø±ÙŠÙ†,,â¤ â¤,,1,47,"['https://pbs.twimg.com/media/Es7kGaPWMAQj5EV?format=jpg&name=small', 'https://pbs.twimg.com/media/Es7kG6WXUAInryv?format=jpg&name=small']",https://twitter.com/_thenun/status/1355271348407455755
Ù†Ù‘Ø§ÙŠÙ,@_thenun,2021-01-28T17:56:27.000Z,"Ù„Ù† Ø§Ù†Ø¸Ø± Ù„Ù„Ø³Ù…Ø§Ø¡ ÙˆØ§Ø¨Ø­Ø« Ø¹Ù† Ù†Ø¬Ù…Ø©
Ø§Ù†Ø§ Ø³Ø£ÙƒÙˆÙ† Ù†Ø¬Ù…ØªÙŠ Ø§Ù„Ø®Ø§ØµØ©.",,ğŸŒŸ,2,1,46,"['https://pbs.twimg.com/media/Es1lqAaXIAUHi2b?format=jpg&name=small', 'https://pbs.twimg.com/media/Es1lqWZXIAEc2nl?format=jpg&name=small']",https://twitter.com/_thenun/status/1354850844114636805
Ù†Ù‘Ø§ÙŠÙ,@_thenun,2021-01-18T23:52:08.000Z,"Replying to 
@_thenun","(Masquerade (2012)
Ù„ÙŠ Ø¨ÙŠÙˆÙ†Øº Ù‡ÙˆÙ†
Ø±ÙŠÙˆ Ø³ÙˆÙ†Øº Ø±ÙŠÙˆÙ†Øº

Ø±Ø§Ø¨Ø¹ ÙÙ„Ù… ÙŠØ·Ù„Ø¹ Ù…Ù† Ø§Ù„Ù‚Ø§Ø¦Ù…Ø©",,1,,295,"['https://pbs.twimg.com/media/EsDXIC9WMAAwju9?format=jpg&name=small', 'https://pbs.twimg.com/media/EsDXKvhXYAI0PIw?format=jpg&name=360x360', 'https://pbs.twimg.com/media/EsDXLEXW8AYeaSC?format=jpg&name=360x360']",https://twitter.com/_thenun/status/1351316476716863490
Ù†Ù‘Ø§ÙŠÙ,@_thenun,2021-01-28T22:54:28.000Z,"Replying to 
@CllUUl",,ğŸ˜‚ ğŸ˜‚ ğŸ˜‚ ğŸ˜­,1,,,['https://pbs.twimg.com/media/Es2p34DW8AE26ja?format=jpg&name=360x360'],https://twitter.com/_thenun/status/1354925843198447619
.,@CllUUl,2021-01-25T00:51:52.000Z,"Replying to 
@_thenun",ÙŠØ¨ÙÙ‡ ØŒ ÙŠØ¹Ù†ÙŠ Ø§Ø¨ÙˆÙ‡Ø§ Ø§Ù„ØªØ³Ø°Ø¨ Ø¹Ø§Ø¯ .,ğŸŒš,1,,,[],https://twitter.com/CllUUl/status/1353505834681180173
Ù†Ù‘Ø§ÙŠÙ,@_thenun,2021-01-25T00:53:09.000Z,Ø§Ù†Ø§ ÙƒØ°Ø§Ø¨Ù‡ ,,ğŸ™,1,,1,['https://pbs.twimg.com/media/EsierXaXAAE0rNq?format=jpg&name=small'],https://twitter.com/_thenun/status/1353506158473056257
Ù†Ù‘Ø§ÙŠÙ,@_thenun,2021-01-28T17:11:52.000Z,"ÙˆØ¨Ø¹Ø¶Ù Ø§Ù„Ø®Ù‘Ù„Ù‚Ù Ø±Ø¤ÙŠØ§Ù‡Ù… Ø³Ø±ÙˆØ±ÙŒ
ÙƒØ£Ù†Ù‘Ù‡Ù…Ù Ø§Ù„Ø¨Ø´Ø§Ø¦Ø±Ù ÙˆØ§Ù„ØµØ¨Ø§Ø­Ù .",,,1,,291,[],https://twitter.com/_thenun/status/1354839621256028162
Ù†Ù‘Ø§ÙŠÙ,@_thenun,2021-01-28T17:09:12.000Z,- Ø£Ø­Ø¨Ù‘ Ø§Ù„Ø£ÙŠØ§Ù… Ø§Ù„Ù„Ù‘ÙŠ ØªØ®Ù„ÙŠÙ†ÙŠ ØºØ§Ø±ÙÙ‚Ø© ÙÙŠ ØªÙØ§ØµÙŠÙ„ Ø§Ù„Ù„Ø­Ø¸Ø© ØŒ ÙˆÙƒØ£Ù†ÙŠ Ù…Ø·ÙÙŠÙ‘Ù‡ Ù†ÙˆØ± Ø§Ù„Ø¹Ø§Ù„Ù… ÙˆØ£Ø³ØªÙ†ÙŠØ± Ø¨Ù†ÙˆØ±ÙŠ .,,,1,,294,[],https://twitter.com/_thenun/status/1354838951404695552
Ù†Ù‘Ø§ÙŠÙ,@_thenun,2021-01-26T01:27:13.000Z,"Replying to 
@lW55l",ÙƒÙ„ Ù…Ø±Ø§ ØªØ·Ù„Ø¹ÙŠ ØªØ®Ù„ÙŠÙ†ÙŠ Ø§Ø¨ØªØ³Ù… ÙˆØªØ±ÙˆØ­ÙŠ Ø§Ø­Ø¨Ùƒ Ù‚Ø³Ù… ,â¤ â¤ â¤ â¤,1,,,['https://pbs.twimg.com/media/EsnwD76XEAMNdgn?format=jpg&name=small'],https://twitter.com/_thenun/status/1353877116807499777
.,@CllUUl,2021-01-25T00:49:01.000Z,"Replying to 
@_thenun",Ø§Ø®Ø±Ø·ÙŠ .,,1,,,[],https://twitter.com/CllUUl/status/1353505115202854914
Ù†Ù‘Ø§ÙŠÙ,@_thenun,2021-01-25T00:50:02.000Z,Ù…Ø§ ÙÙ‡Ù…Øª,,ğŸ™‚,1,,,[],https://twitter.com/_thenun/status/1353505372191993857
Ù†Ù‘Ø§ÙŠÙ,@_thenun,2021-01-27T06:30:13.000Z,Ø§ÙŠ Ø¨Ø§Ù„Ù„Ù‡,,,,,,[],https://twitter.com/_thenun/status/1354315756931055620
Ù…ÙÙ€Ù†Ù€Ø© à½¼,@mennatallah02,2021-01-27T06:02:49.000Z,Ø§Ù„Ù„Ù‡ÙÙ… ØµØ¨Ø§Ø­Ù‹Ø§ Ù…Ù„ÙŠØ¦ Ø¨Ø§Ù„Ù„Ø­Ø¸Ø§Øª Ø§Ù„Ù…ÙØ¨Ù‡Ø¬Ø©.,,â˜ ğŸ¤ ğŸƒ,1,9,44,[],https://twitter.com/mennatallah02/status/1354308865144332289
Ù†Ù‘Ø§ÙŠÙ,@_thenun,2021-01-27T06:11:14.000Z,Ø§Ù„Ù„Ù‡Ù… Ø§Ù…ÙŠÙ†,,,,,,[],https://twitter.com/_thenun/status/1354310983213314054
Ø¹Ø¬Ø¨,@Bullshti1,2021-01-30T22:54:09.000Z,ÙˆØ´ Ø£Ø­Ù„Ù‰ Ù†ÙˆØ¹ÙŠØ© Ø´Ø§ÙŠ Ø¬Ø±Ø¨ØªÙˆÙ‡ ØŸ,,,87,,152,[],https://twitter.com/Bullshti1/status/1355650537522397186
Ù†Ù‘Ø§ÙŠÙ,@_thenun,2021-01-30T22:56:06.000Z,Ù„ÙŠØ¨ØªÙˆÙ†  Ù„Ù„Ø§Ù†,,,,,,[],https://twitter.com/_thenun/status/1355651026217562115
Ù†Ù‘Ø§ÙŠÙ,@_thenun,2021-01-28T22:36:02.000Z,"Replying to 
@lll1ii7",Ù‡Ù†Ù‚Ø±Ø³ØªÙŠØ´Ù†,,1,,,[],https://twitter.com/_thenun/status/1354921202926702595
.,@CllUUl,2021-01-25T00:27:10.000Z,"Ø³Ø¤Ø§Ù„ 
Ø§Ù„Ø¨Ù†Ø§Øª : Ù…ØªÛŒ Ø£Ø®ÙØ± Ù…Ø±Ù‘Ø© ØºØ³Ù„ØªÙŠ Ø§Ù„Ù…ÙˆØ§Ø¹ÙŠÙ†ØŸ.
Ø§Ù„Ø¹ÙŠÙ‘Ø§Ù„ : Ù…ØªÛŒ Ø£Ø®Ø± Ù…Ø±Ù‘Ø© Ø±ØªØ¨Øª ØºØ±ÙØªÙƒØŸ.",,,31,,24,[],https://twitter.com/CllUUl/status/1353499618101907456
Ù†Ù‘Ø§ÙŠÙ,@_thenun,2021-01-25T00:43:02.000Z,Ø£Ù…Ø³,,,,,,[],https://twitter.com/_thenun/status/1353503612320755712
Ù†Ù‘Ø§ÙŠÙ,@_thenun,2021-01-25T02:10:49.000Z,"Replying to 
@l5yll",Ø§Ù†Ø§,,,,,[],https://twitter.com/_thenun/status/1353525702524600320
Ù†Ù‘Ø§ÙŠÙ,@_thenun,2021-01-26T21:51:10.000Z,"Replying to 
@2iin2i",Ø§ÙŠ,,,,,[],https://twitter.com/_thenun/status/1354185135130861581
Ù†Ù‘Ø§ÙŠÙ,@_thenun,2021-01-27T18:49:42.000Z,"Replying to 
@Mijj44",,ğŸ˜­ ğŸ˜‚ ğŸ˜‚ ğŸ˜‚ ğŸ˜‚ ğŸ˜‚ ğŸ˜‚ ğŸ˜‚ ğŸ˜‚ ğŸ˜‚ ğŸ˜‚,,,,[],https://twitter.com/_thenun/status/1354501856924319744
Ù†Ù‘Ø§ÙŠÙ,@_thenun,2021-01-29T18:34:41.000Z,"Replying to 
@_eymoo",3,,,,1,[],https://twitter.com/_thenun/status/1355222851826184196
Ù†Ù‘Ø§ÙŠÙ,@_thenun,2021-01-29T19:14:40.000Z,"Replying to 
@8xxui",.,,,,,[],https://twitter.com/_thenun/status/1355232915534319617
.,@CllUUl,2021-01-28T20:40:41.000Z,ïºÙ„Ø³ÙÙ„Ø§Ù… Ø¹Ù„ÙŠÙƒÙÙ… Ø§Ù†Ø§ Ø¬Ù‘ÙŠØª .,,,29,,24,[],https://twitter.com/CllUUl/status/1354892173418901508
Ù†Ù‘Ø§ÙŠÙ,@_thenun,2021-01-28T20:49:25.000Z,"ÙˆØ¹Ù„ÙŠÙƒÙ… Ø§Ù„Ø³Ù„Ø§Ù… 
Ù…Ø±Ø­Ø¨Ø§.",,ğŸ˜Š ğŸ’›,1,,,[],https://twitter.com/_thenun/status/1354894369602592771
Ø§ÙŠÙ…ÙˆÙˆ | ØªØªÙ‡Ù†ÙˆÙ†.,@_eymoo,2021-01-25T13:21:59.000Z,Ø´Ø³Ø§Ù„ÙÙ‡ Ø§Ù„ÙƒÙ„ ÙŠØ¨Ù„ÙƒÙ†ÙŠ.. ØªÙˆ ÙˆØ§Ø­Ø¯ Ù…Ù† Ø§ÙƒØ«Ø± Ø§Ù„Ù†Ø§Ø³ Ø§Ù„ÙŠ Ø§Ø­Ø¨Ù‡Ù… Ø¨ØªÙˆÙŠØªØ± Ø¨Ù„ÙƒÙ†ÙŠ ÙˆØ§Ø­Ø³ .. ÙˆØ§Ù„Ù„Ù‡ Ø´Ø³Ø§Ù„ÙÙ‡..ØŸ,,ğŸ’”,15,,11,[],https://twitter.com/_eymoo/status/1353694606639177730
Ù†Ù‘Ø§ÙŠÙ,@_thenun,2021-01-25T14:51:32.000Z,"Ù„Ø§ ØªÙ‚Ù„Ù‚ Ù‡Ù… Ø§Ù„Ø®Ø³Ø±Ø§Ù†ÙŠÙ†
 Ø¨Ù„ÙˆÙƒ Ø¨Ø¯ÙˆÙ† Ø³Ø¨Ø¨ ÙØ¹Ù„Ø§ Ù‡Ù… Ø§Ù„Ø®Ø³Ø±Ø§Ù†ÙŠÙ†",,,,,1,[],https://twitter.com/_thenun/status/1353717143616028673
Ù†Ù‘Ø§ÙŠÙ,@_thenun,2021-01-27T21:04:00.000Z,"Replying to 
@SeKi__m",Ø§Ù‡Ù‡Ù‡ Ù„ÙŠØª ÙŠØ¹Ù…Ù„ÙˆØ§ Ø¬Ø²Ø¡  Ø«Ø§Ù†ÙŠ,ğŸ˜£,1,,,[],https://twitter.com/_thenun/status/1354535652562505735
Ù†Ù‘Ø§ÙŠÙ,@_thenun,2021-01-28T21:52:22.000Z,"Replying to 
@lW55l",ÙÙ„Ù… ÙŠØ¨ ØªÙØ±Ø¬ØªÙ‡ Ø­Ù„Ùˆ,,,,,[],https://twitter.com/_thenun/status/1354910212671602688
Ù†Ù‘Ø§ÙŠÙ,@_thenun,2021-01-28T16:54:55.000Z,"Replying to 
@Mijj44",Ø­ØªÙ‰ Ø§Ù†Ø§ ,ğŸ˜­,1,,,[],https://twitter.com/_thenun/status/1354835357251088391
Ù†Ù‘Ø§ÙŠÙ,@_thenun,2021-01-27T02:03:07.000Z,"Replying to 
@2iin2i",Ø§Ù„ÙÙŠØ³,ğŸ˜‚ ğŸ˜‚ ğŸ˜‚ ğŸ˜‚ ğŸ˜‚ ğŸ˜‚ ğŸ˜‚,,,1,[],https://twitter.com/_thenun/status/1354248541812772865
Ù†Ù‘Ø§ÙŠÙ,@_thenun,2021-01-27T17:43:47.000Z,"Replying to 
@Mijj44",Ø§Ù„Ø«Ù‚Ø©,â†– â†– â†– â†– â†– â†– â†– â†– â†– â†– â†– â†– â†– â†– â†– â†– â†– â†– â†– â†– â†– â†– â†– ğŸ˜­ ğŸ˜‚,1,,,[],https://twitter.com/_thenun/status/1354485265637773312
.,@CllUUl,2021-01-25T01:56:05.000Z,ÙŠØ­ÙÙ„ÙˆÙŠÙŠÙ† ÙˆØ§Ù„Ù„Ù‡ Ø¨Ø®Ø§Ø·Ø±ÙŠ Ù£Ùƒ Ù…ÙÙ†Ø²Ù…Ø§Ù† Ø¯Ø§Ù… Ø§Ù„ÙƒÙÙ„ ÙØ§Ù„ØªØ§ÙŠÙ… Ø±ÙØª Ù…Ø¤Ù‚Øª Ùˆ Ù…Ø§Ù‚ØµØ±Øª Ù…Ø¹ Ø§Ø­Ø¯ + Ø£Ø±Ø¯ Ø§Ù„Ø¥Ø¶ÙØ§ÙØ© ÙŠØ§Ù„Ù„Ù‡ ÙˆØµÙ„ÙˆÙ†ÙŠÙ‘ ØŸ.,,ğŸ’ ğŸ’›,16,4,70,[],https://twitter.com/CllUUl/status/1353521995003146243
Ù†Ù‘Ø§ÙŠÙ,@_thenun,2021-01-25T01:59:04.000Z,ØªØ³ØªØ§Ù‡Ù„ ÙŠØ§Ø¹ÙŠÙ†ÙŠ,,ğŸ’›,1,,1,[],https://twitter.com/_thenun/status/1353522744789446657
Ù†Ù‘Ø§ÙŠÙ,@_thenun,2021-01-30T05:28:57.000Z,"Replying to 
@SeKi__m",Ù„Ùˆ Ø³Ù…Ø­ØªÙŠ Ø§ØªÙØ±Ø¬ÙŠ ÙˆØ§Ù†ØªÙŠ Ø³Ø§ÙƒØªÙ‡ ÙÙŠ Ù†Ø§Ø³ Ø­Ø²Ù†ÙŠÙ† Ø§Ù†Ù‡Ù… Ø§ØªÙØ±Ø¬ÙˆÙ‡ ,ğŸ˜­ ğŸ˜­ ğŸ˜­,1,,,[],https://twitter.com/_thenun/status/1355387503365271552
.,@CllUUl,2021-01-25T00:44:08.000Z,"ÙØ¹Ø§Ù„ÙŠÙ‡ :
- ÙˆØ´ Ø£ÙˆÙ„ ÙƒÙ„Ù…Ø© Ù‚Ø±Ø£ØªÙ‡Ø§ "".",,,21,,12,['https://pbs.twimg.com/media/EsicnSXXIAEO6hU?format=jpg&name=small'],https://twitter.com/CllUUl/status/1353503890168229894
Ù†Ù‘Ø§ÙŠÙ,@_thenun,2021-01-25T00:48:06.000Z,ÙˆØ±Ø¨ÙŠ Ø¸Ù„Ø§Ù… Ù…Ø§Ù‚Ø¯Ø±Øª Ø§Ø·Ù„Ø¹ ÙˆÙ„Ø§ ÙƒÙ„Ù…Ø©,,ğŸ˜‚ ğŸ˜‚ ğŸ˜‚,1,,1,[],https://twitter.com/_thenun/status/1353504885459841025
Ù†Ù‘Ø§ÙŠÙ,@_thenun,2021-01-26T21:53:36.000Z,"Replying to 
@2iin2i
 and 
@haitham95234040",ØªÙ…,,,,,[],https://twitter.com/_thenun/status/1354185746358398977
Ù†Ù‘Ø§ÙŠÙ,@_thenun,2021-01-25T16:46:38.000Z,"Replying to 
@c33il
 and 
@ScreenMix",........,,,,,[],https://twitter.com/_thenun/status/1353746110737752064
Ù†Ù‘Ø§ÙŠÙ,@_thenun,2021-01-28T00:46:49.000Z,"Replying to 
@2iin2i", Ø§Ù†ØªØ¸Ø±Øª Ø­ÙƒÙ…Ù‡ Ù„Ù„Ø§Ù…Ø§Ù†Ù‡,ğŸ˜‚ ğŸ˜­ ğŸ˜­,,,1,[],https://twitter.com/_thenun/status/1354591727986888706
ÙƒÙ„Ø§Ù… Ù‚Ù„Ø¨ÙŠ,@lwj_10,2021-01-27T19:21:21.000Z,ÙŠØ§Ø±Ø¨ ØªØ±Ø²Ù‚ Ø§Ù„Ø¨Ù†Ø§Øª ÙÙ„ÙˆØ³ ÙƒØ«ÙŠØ±Ù‡ ÙˆØ¨Ø´Ø±Ù‡ Ù…ÙˆØ±Ø¯Ù‡ ÙˆÙ…Ø§ÙÙŠÙ‡Ø§ ØªØµØ¨ØºØ§Øª ÙˆÙ„Ø§ Ø­Ø¨ÙˆØ¨ ÙˆÙ„Ø§ Ù…Ø³Ø§Ù… ÙˆÙ„Ù…Ø¹Ø© ÙƒØ£Ù†Ù‡Ø§ Ù‚Ø²Ø§Ø²Ù‡ Ø¨Ø¯ÙˆÙ† Ù‡Ø§Ù„Ø§Øª ÙˆØ´Ø¹Ø± Ù‚ÙˆÙŠ Ù…Ø§ÙŠØªØ³Ø§Ù‚Ø· Ø§Ø¨Ø¯Ø§Ù‹ ,,â¤ â¤ â¤ â¤ â¤ â¤ â¤ â¤ â¤ â¤ â¤ â¤ â¤ â¤,45,80,644,[],https://twitter.com/lwj_10/status/1354509818799775744
Ù†Ù‘Ø§ÙŠÙ,@_thenun,2021-01-27T19:27:14.000Z,Ø§Ù…ÙŠÙ† Ø§Ù…ÙŠÙ† Ø§Ù…ÙŠÙ† Ø¨ØµÙŠØ­,,ğŸ˜­ ğŸ˜­ ğŸ˜­ ğŸ˜­ ğŸ˜­ ğŸ˜­ â¤,,,,[],https://twitter.com/_thenun/status/1354511300810965005
Ø£Ø´ÙˆØ§Ù‚.,@sh_uqa,2021-01-25T15:11:48.000Z,"Replying to 
@9zxi_",ÙƒØ±ÙˆØ§Ù†Ù‡ Ù‡Ù‡Ù‡Ù‡Ù‡Ù‡Ù‡Ù‡Ù‡Ù‡Ù‡Ù‡Ù‡Ù‡Ù‡Ù‡Ù‡Ù‡Ù‡Ù‡Ù‡Ù‡Ù‡Ù‡Ù‡Ù‡Ù‡Ù‡Ù‡Ù‡Ù‡Ù‡Ù‡Ù‡Ù‡Ù‡Ù‡Ù‡Ù‡Ù‡Ù‡Ù‡Ù‡Ù‡Ù‡Ù‡Ù‡Ù‡Ù‡Ù‡Ù‡Ù‡Ù‡Ù‡Ù‡Ù‡Ù‡Ù‡Ù‡Ù‡Ù‡Ù‡Ù‡Ù‡Ù‡Ù‡Ù‡Ù‡Ù‡Ù‡Ù‡,,2,,1,[],https://twitter.com/sh_uqa/status/1353722243986108422
Ù†Ù‘Ø§ÙŠÙ,@_thenun,2021-01-25T15:17:36.000Z,Ø­Ù†Ø§ Ø¨Ø¹Ø¯.,,ğŸ˜,2,,1,[],https://twitter.com/_thenun/status/1353723702152732673
Ù†Ù‘Ø§ÙŠÙ,@_thenun,2021-01-28T18:41:27.000Z,ØªÙ…,,,,,,[],https://twitter.com/_thenun/status/1354862166541824000
Ù†Ù‘Ø§ÙŠÙ,@_thenun,2021-02-01T06:13:02.000Z,"#Ø¨Ù†Øª_Ø§Ù„ÙƒÙ„Ø¨
Ø³Ø§Ø´Ø§ Ù…Ø§ØªØª ÙˆÙ…ÙŠÙƒØ§Ø³Ø§ Ø¨ÙƒÙŠØª Ø®Ù„Ø§Øµ Ø§Ù„Ù†Ù‡Ø§ÙŠØ© ",,ğŸ˜­ ğŸ˜­ ğŸ’” ğŸ’”,4,6,403,"['https://pbs.twimg.com/media/EtHrAR5XcAMTVUk?format=jpg&name=360x360', 'https://pbs.twimg.com/media/EtHrA3IW4AAQ4mY?format=jpg&name=360x360', 'https://pbs.twimg.com/media/EtHrAnzXMAAR51S?format=jpg&name=360x360', 'https://pbs.twimg.com/media/EtHrBIoXEAEfdFx?format=jpg&name=360x360']",https://twitter.com/_thenun/status/1356123372300722177
Ù†Ù‘Ø§ÙŠÙ,@_thenun,2021-02-02T05:10:56.000Z,ÙˆØ¬ÙˆØ¯ Ø¬Ø§Ø±ÙŠØ¯ Ù„ÙŠØªÙˆ ÙˆØ´Ø®ØµÙŠØªÙ‡ Ø§ÙØ¶Ù„ Ø¨ÙƒØ«ÙŠØ± Ù…Ù† Ø±Ø§Ù…ÙŠ Ù…Ø§Ù„Ùƒ,,,1,,43,"['https://pbs.twimg.com/media/EtMmYODWgAI4yBi?format=jpg&name=360x360', 'https://pbs.twimg.com/media/EtMmY4BXYAAWiti?format=jpg&name=360x360', 'https://pbs.twimg.com/media/EtMmYjdWYAAEL0Q?format=jpg&name=360x360', 'https://pbs.twimg.com/media/EtMmZXbWQAEVXxZ?format=jpg&name=360x360']",https://twitter.com/_thenun/status/1356470134106447872
Ù†Ù‘Ø§ÙŠÙ,@_thenun,2021-02-27T20:12:56.000Z,"Ù„Ù„Ù…Ø±Ø© Ø§Ù„Ø«Ø§Ù†ÙŠ Ø§ØªÙØ±Ø¬ Ø§Ù†Ù…ÙŠ Ù…ÙˆÙ†Ø³ØªØ± Ø¹Ø¸Ù…Ø© Ø¹Ù„Ù‰ Ø¹Ø¸Ù…Ø© 
Ø¹Ø¯Ø¯ Ø§Ù„Ø­Ù„Ù‚Ø§Øª 74
Ø§Ù†ØªØ§Ø¬ 2004.",,,1,1,38,['https://pbs.twimg.com/media/EvQklspXYAYRI3Y?format=jpg&name=small'],https://twitter.com/_thenun/status/1365756825732325376
Ù†Ù‘Ø§ÙŠÙ,@_thenun,2021-02-02T05:09:33.000Z,,,,1,1,37,"['https://pbs.twimg.com/media/EtMmErnXYAAUc5S?format=jpg&name=small', 'https://pbs.twimg.com/media/EtMmE_kXEAAkCl3?format=jpg&name=small']",https://twitter.com/_thenun/status/1356469784112730114
Ù†Ù‘Ø§ÙŠÙ,@_thenun,2021-02-09T03:12:07.000Z,ØªØ±ÙƒØª Ø§Ù„Ø¬ÙˆØ§Ù„ Ù„Ù…Ø¯Ø© 5 Ø£ÙŠØ§Ù… Ø£Ù†Ø¬Ø²Øª Ø®Ù„Ø§Ù„ Ø§Ù„ÙØªØ±Ø© Ø°ÙŠ Ø§Ø´ÙŠØ§Ø¡ ÙƒØ«ÙŠØ± Ø®Ø·ÙˆØ© Ø¬ÙŠØ¯Ø© Ø¬Ø¯Ø§ ÙˆØ§ÙƒØªØ´Ù Ø§Ù†ÙŠ Ø§Ù‚Ø¯Ø± Ø£Ø³ØªÙ…ØªØ¹ Ø¨Ø¯ÙˆÙ† Ø§Ù„Ø¬ÙˆØ§Ù„,,,,1,5,[],https://twitter.com/_thenun/status/1358976949436186630
Ù†Ù‘Ø§ÙŠÙ,@_thenun,2021-02-10T17:50:35.000Z,ÙƒØ§Ù†Øª ÙØªØ±Ø© Ø¬Ù…ÙŠÙ„ Ø¨Ø¹ÙŠØ¯Ù‡ Ø¨ØµØ±Ø§Ø­Ø©,,,,,,[],https://twitter.com/_thenun/status/1359560408789581827
Ù†Ù‘Ø§ÙŠÙ,@_thenun,2021-02-01T00:04:54.000Z,"Replying to 
@CllUUl",27,,,,,[],https://twitter.com/_thenun/status/1356030730132987907
Ù†Ù‘Ø§ÙŠÙ,@_thenun,2021-02-01T00:04:32.000Z,"Replying to 
@CllUUl",23,,,,,[],https://twitter.com/_thenun/status/1356030638919454721
Ù†Ù‘Ø§ÙŠÙ,@_thenun,2021-02-01T00:04:27.000Z,"Replying to 
@CllUUl",22,,,,,[],https://twitter.com/_thenun/status/1356030615284576258
Ù†Ù‘Ø§ÙŠÙ,@_thenun,2021-02-01T00:04:05.000Z,"Replying to 
@CllUUl",18,,,,,[],https://twitter.com/_thenun/status/1356030525010489344
Ù†Ù‘Ø§ÙŠÙ,@_thenun,2021-02-01T00:04:00.000Z,"Replying to 
@CllUUl",17,,,,,[],https://twitter.com/_thenun/status/1356030504663969793
Ù†Ù‘Ø§ÙŠÙ,@_thenun,2021-02-01T00:03:55.000Z,"Replying to 
@CllUUl",16,,,,,[],https://twitter.com/_thenun/status/1356030484413820936
Ù†Ù‘Ø§ÙŠÙ,@_thenun,2021-02-01T00:03:50.000Z,"Replying to 
@CllUUl",15,,,,,[],https://twitter.com/_thenun/status/1356030462670602244
Ù†Ù‘Ø§ÙŠÙ,@_thenun,2021-02-01T00:06:46.000Z,"Replying to 
@CllUUl",,ğŸ’›,,,,[],https://twitter.com/_thenun/status/1356031198892589056
Ù†Ù‘Ø§ÙŠÙ,@_thenun,2021-02-01T00:04:22.000Z,"Replying to 
@CllUUl",21,,,,,[],https://twitter.com/_thenun/status/1356030593771991050
Ù†Ù‘Ø§ÙŠÙ,@_thenun,2021-02-01T00:04:16.000Z,"Replying to 
@CllUUl",20,,,,,[],https://twitter.com/_thenun/status/1356030571768639489
Ù†Ù‘Ø§ÙŠÙ,@_thenun,2021-02-01T00:04:11.000Z,"Replying to 
@CllUUl",19,,,,,[],https://twitter.com/_thenun/status/1356030550558048256
Ù†Ù‘Ø§ÙŠÙ,@_thenun,2021-02-02T06:45:13.000Z,"Replying to 
@13Blq",Ù„Ø§,,,,,[],https://twitter.com/_thenun/status/1356493861267398663
Ù†Ù‘Ø§ÙŠÙ,@_thenun,2021-02-27T21:15:24.000Z,"Ù…Ù‚Ø¯Ø± Ø§Ù‚ÙŠÙ…  Ø§Ù„ÙÙŠÙ„Ù… Ø°Ø§ Ø§Ø¨Ø¯ Ø­ØªÙ‰ Ø¨ÙŠÙ†ÙŠ ÙˆØ¨ÙŠÙ† Ù†ÙØ³ÙŠ 
Ù„ÙƒÙ†ÙŠ Ø±Ø§Ø­ Ø§Ù‚ÙˆÙ„ Ù„Ùƒ Ø§Ù†Ù‡ Ù…Ø±Ø§ Ø­Ù„Ùˆ Ø®ÙÙŠÙ ÙˆÙ„Ø·ÙŠÙ",,,,,,[],https://twitter.com/_thenun/status/1365772548278022144
.,@CllUUl,2021-02-02T20:10:47.000Z,"Replying to 
@_thenun",ÙˆÙŠØª ÙˆÙŠØª ØŸ.,,1,,,[],https://twitter.com/CllUUl/status/1356696586307440647
Ù†Ù‘Ø§ÙŠÙ,@_thenun,2021-02-02T20:24:03.000Z,Ù†Ø§Ø³ Ø§Ù„Ù„Ù‡ ÙˆÙƒÙŠÙ„Ùƒ.,,,1,,,[],https://twitter.com/_thenun/status/1356699927041236995
Ù†Ù‘Ø§ÙŠÙ,@_thenun,2021-02-01T00:04:59.000Z,"Replying to 
@CllUUl",28,,1,,,[],https://twitter.com/_thenun/status/1356030751163244549
Ù†Ù‘Ø§ÙŠÙ,@_thenun,2021-02-27T20:02:15.000Z,ÙŠØ§Ø­Ø¸Ùƒ.,,ğŸ’” ğŸ’” ğŸ’” ğŸ’” ğŸ’” ğŸ’” ğŸ’” ğŸ’” ğŸ’” ğŸ’” ğŸ’” ğŸ’” ğŸ’” ğŸ’” ğŸ’” ğŸ’” ğŸ’” ğŸ’” ğŸ’” ğŸ’” ğŸ’”,,,,[],https://twitter.com/_thenun/status/1365754137552580611
Ù†Ù‘Ø§ÙŠÙ,@_thenun,2021-02-01T01:14:32.000Z,"Replying to 
@_r6r9",ØªÙ…,,,,,[],https://twitter.com/_thenun/status/1356048254866227203
Ù†Ù‘Ø§ÙŠÙ,@_thenun,2021-02-01T01:25:10.000Z,"Replying to 
@_r6r9",.,,,,,[],https://twitter.com/_thenun/status/1356050931608129538
Ù†Ù‘Ø§ÙŠÙ,@_thenun,2021-02-27T21:17:44.000Z,"Replying to 
@SeKi__m",Ù…Ù†Ù…Ù† ÙˆØ­Ø´ØªÙŠÙ†ÙŠ,ğŸ˜­ ğŸ˜¢,1,,,[],https://twitter.com/_thenun/status/1365773131634376709
Ù†Ù‘Ø§ÙŠÙ,@_thenun,2021-02-01T00:55:12.000Z,"Replying to 
@0_t0t0",ØªØ³ØªØ§Ù‡Ù„ÙŠ Ø§Ù„Ø­Ù„ÙˆÙ‡ Ù…Ø¨Ø±ÙˆÙƒ,,,,,[],https://twitter.com/_thenun/status/1356043387015753733
Ù‡Ø¯ÙˆØ¡,@m24ma21,2021-02-01T06:18:45.000Z,"Replying to 
@x1irt_",Ù…Ù†Ù‡ÙŠ ØºØ§Ø¨ÙŠ Ø°ÙŠ,ğŸ’,1,,,[],https://twitter.com/m24ma21/status/1356124811941081091
Ù†Ù‘Ø§ÙŠÙ,@_thenun,2021-02-01T06:23:10.000Z,Ø´Ø®ØµÙŠØ© ÙƒØ±ÙŠÙ‡Ø§ Ù Ø§Ù†Ù…ÙŠ Ù‡Ø¬ÙˆÙ… Ø§Ù„Ø¹Ù…Ø§Ù„Ù‚Ø© Ù„Ø¹Ù†Ø© Ø§Ù„Ù„Ù‡ ,,ğŸ˜­ ğŸ˜­ ğŸ˜­,1,,,[],https://twitter.com/_thenun/status/1356125924266287107
Ù‡Ø¯ÙˆØ¡,@m24ma21,2021-02-01T06:24:51.000Z,"Replying to 
@_thenun",Ø§Ù„Ù‡Ø§Ø´ØªØ§Ù‚ Ø¹Ø´Ø§Ù† Ø§Ù†Ù…ÙŠ ,ğŸ’ ğŸŒš,2,,,[],https://twitter.com/m24ma21/status/1356126347991654405
Ù†Ù‘Ø§ÙŠÙ,@_thenun,2021-02-01T06:31:38.000Z,Ø§ÙŠ Ø¹Ø´Ø§Ù† Ø§Ù†Ù…ÙŠ ,,ğŸ˜‚ ğŸ˜­ ğŸ˜­ ğŸ’”,,,,[],https://twitter.com/_thenun/status/1356128055270506496
Ø§Ø¯Ø¹ÙˆÙ„ÙŠ Ø¯Ø§Ø¦Ù…Ø§Ù‹ .,@5iiaa1,2021-02-01T21:13:43.000Z,"Replying to 
@OQCO___
 and 
@Bullshti1",Ø§ÙˆÙ‡Ù‡ Ø§Ù†Ø§ Ù¢Ù¥,ğŸ’™,1,,,[],https://twitter.com/5iiaa1/status/1356350039627608064
Ù†Ù‘Ø§ÙŠÙ,@_thenun,2021-02-02T01:52:06.000Z,Ø§Ù†Ø§ 21 ,,ğŸ™‚,1,,,[],https://twitter.com/_thenun/status/1356420096995000320
Ù†Ù‘Ø§ÙŠÙ,@_thenun,2021-03-09T16:54:23.000Z,The Fault in Our Stars (2014),,,,1,41,"['https://pbs.twimg.com/media/EwDXCmJWQAEDwCE?format=jpg&name=small', 'https://pbs.twimg.com/media/EwDXDCUXAAMaZ-h?format=jpg&name=small']",https://twitter.com/_thenun/status/1369330738894626818
Ù†Ù‘Ø§ÙŠÙ,@_thenun,2021-03-22T05:44:46.000Z,"you can't fix what you can't see
It's the soul that needs a surgery
#beyoncÃ©",,,,1,39,['https://pbs.twimg.com/ext_tw_video_thumb/1373873181400907779/pu/img/4bIcsVfhDhksxx20.jpg'],https://twitter.com/_thenun/status/1373873265777737728
Ù†Ù‘Ø§ÙŠÙ,@_thenun,2021-03-08T16:07:08.000Z,"Super women
#HappyWomensDay 
#Ø§Ù„ÙŠÙˆÙ…_Ø§Ù„Ø¹Ø§Ù„Ù…ÙŠ_Ù„Ù„Ù…Ø±Ø£Ø©",,â¤,,1,195,['https://pbs.twimg.com/ext_tw_video_thumb/1368956344607326213/pu/img/ivkje4wpdu0X3Ra4.jpg'],https://twitter.com/_thenun/status/1368956459669655555
Ù†Ù‘Ø§ÙŠÙ,@_thenun,2021-03-26T03:46:42.000Z,"We need we want
 the Snyder verse
#RestoreTheSnyderVerse",,,,,170,"['https://pbs.twimg.com/media/ExYFve9VgA0qmSc?format=jpg&name=small', 'https://pbs.twimg.com/media/ExYFyYYVIAICg5V?format=jpg&name=small']",https://twitter.com/_thenun/status/1375293104492748805
Ù†Ù‘Ø§ÙŠÙ,@_thenun,2021-03-09T02:19:19.000Z,Ù…Ø§ØªØ¯Ø±ÙŠ ØªØ³Ø§ÙŠØ± Ø§Ù„Ø§ÙŠØ§Ù… ÙˆÙ„Ø§ ØªØ¹Ø§Ù„Ø¬ ØªÙ‚Ù„Ø¨Ø§Øª Ù…Ø²Ø§Ø¬Ùƒ .,,,,1,44,[],https://twitter.com/_thenun/status/1369110520893214720
Ù†Ù‘Ø§ÙŠÙ,@_thenun,2021-03-03T01:56:29.000Z,"Ø£Ø®ØªÙŠ ÙˆØ¥Ù† Ø·Ø§Ù„ Ø§Ù„Ø²Ù…Ø§Ù†Ù Ø­Ø¨ÙŠØ¨ØªÙŠ
ÙˆØ±ÙÙŠÙ‚ØªÙŠ ÙÙŠ Ø§Ù„Ø­Ø²Ù†Ù ÙˆØ§Ù„Ø¶Ø­ÙƒØ§ØªÙ",,,,,183,[],https://twitter.com/_thenun/status/1366930447264075790
Ù†Ù‘Ø§ÙŠÙ,@_thenun,2021-03-12T01:16:30.000Z,Ù„ÙˆÙ„Ø§ Ø§Ù„Ø§ØµØ­ÙØ§Ø¨ Ù…Ø§ÙƒØ§Ù†Øª Ø£ÙŠØ§Ù…Ù†Ø§ Ø­Ù„ÙˆÙ‡.,,,,1,41,[],https://twitter.com/_thenun/status/1370181874555965441
Ù†Ù‘Ø§ÙŠÙ,@_thenun,2021-01-24T02:15:19.000Z,"Replying to 
@_thenun",Ø´ÙƒØ±Ù‹Ø§ ÙŠØ§Ù„Ù„Ù‡ Ù„Ø£Ù†ÙŠ Ù„Ø§Ø²Ù„Øª Ø§Ù†Ø§ .. Ø¨Ù‡Ø°Ù‡ Ø§Ù„Ø±ÙÙ‚Ø© ÙˆØ§Ù„Ù„ÙŠÙˆÙ†Ø© Ø±ØºÙ… Ø¬Ù„Ø§ÙØ© Ø§Ù„Ø£ÙŠØ§Ù… ÙˆØ§Ù„Ø£Ø´Ø®Ø§Øµ ÙˆØ§Ù„Ø£Ø­Ø¯Ø§Ø«..,â¤,1,1,48,[],https://twitter.com/_thenun/status/1353164448953995265
Ù†Ù‘Ø§ÙŠÙ,@_thenun,2021-03-02T01:43:27.000Z,Ø§Ù„Ø´ÙØ¯ÙŠØ¯ÙØŒ Ù…ÙÙ† ÙŠØªÙ…Ø§Ù„Ùƒ Ù†ÙØ³Ù‡Ù Ø£Ù…Ø§Ù…ÙƒÙ ÙˆØ£Ù†ØªÙ ØªØ¶Ø­ÙƒÙŠÙÙ‘Ù†,,,1,,170,[],https://twitter.com/_thenun/status/1366564778865483777
Ù†Ù‘Ø§ÙŠÙ,@_thenun,2021-03-23T01:31:58.000Z,"""Ø§Ù†Ø¸Ø± Ø¥Ù„Ù‰ Ø§Ù„Ø³Ù‘Ø§Ø¹Ù‡ Ø§Ù„Ø§Ù† Ø§Ø³ØªØºÙÙØ± Ø­ØªÙ‰ ØªØ£ØªÙŠ Ø§Ù„Ø¯Ù‚ÙŠÙ‚Ù‡ Ø§Ù„ØªÙŠ ØªÙ„ÙŠÙ‡Ø§"".",,,,1,48,[],https://twitter.com/_thenun/status/1374172035308478469
Ù†Ù‘Ø§ÙŠÙ,@_thenun,2021-03-24T07:53:56.000Z,"Ø£ØµÙ„ÙŠ Ø£Ù† Ù„Ø§ ÙŠØ¬Ø¹Ù„Ù†ÙŠ Ø§Ù„Ù„Ù‡ Ù…Ù…Ù† ÙŠØ·Ø£ Ø¹Ù„Ù‰ Ø¬Ø±Ø§Ø­ Ø§Ù„Ø¢Ø®Ø±ÙŠÙ† Ø­ØªÙ‰ ÙŠÙØ¹Ø¨ÙØ± Ø§Ù„Ø·Ø±ÙŠÙ‚.""",,,,1,35,[],https://twitter.com/_thenun/status/1374630546710597634
Ù†Ù‘Ø§ÙŠÙ,@_thenun,2021-03-12T01:14:22.000Z,ÙŠØ§Ø±Ø¨ Ø£ÙŠØ§Ù… Ù…ÙØ±ÙŠØ­Ø©ØŒ Ù…Ù„ÙŠØ¦Ø© Ø¨Ø§Ù„Ø®ÙŠØ± Ø§Ù„Ø¯Ø§Ø¦Ù… Ù„Ù†Ø§,,,,1,42,[],https://twitter.com/_thenun/status/1370181338012262401
Ù†Ù‘Ø§ÙŠÙ,@_thenun,2021-03-12T01:18:21.000Z,Ø¬ÙÙ…ÙŠØ¹Ù Ø§Ù„Ø¥Ù†Ø§Ø« Ø¬ÙÙ…ÙŠÙ„Ø§ØªØŒ Ø¥Ù„Ø§ Ù…Ù† Ø§Ø®ØªÙ„Ù Ø­ÙÙŠØ§Ø¤Ù‡Ù‘Ø§.,,,,1,45,[],https://twitter.com/_thenun/status/1370182341784649735
Ù†Ù‘Ø§ÙŠÙ,@_thenun,2021-03-03T01:53:10.000Z,Ø£Ø­Ø¨ Ø§Ù„ÙŠ ÙŠÙ†Ø§Ø¯ÙŠÙ†ÙŠ Ù†Ø¯Ø§Ø¡Ø§Øª Ù…ÙØ®ØªÙ„ÙÙ‡ Ø¹Ù† Ø§Ù„Ø¨Ù‚ÙŠÙ‡ Ø£Ø­Ø¨ Ø´Ø¹ÙˆØ± Ø§Ù†ÙŠ Ø´Ø®Øµ Ù…ÙØ³ØªØ«Ù†Ù‰ Ø¨Ù‚Ù„Ø¨Ù‡ .,,,,1,43,[],https://twitter.com/_thenun/status/1366929612232613896
Ù†Ù‘Ø§ÙŠÙ,@_thenun,2021-03-02T01:42:30.000Z,"""Ù„Ø£Ù† Ø§Ù„Ø£Ù…Ø§ÙƒÙ† Ø§Ù„Ø®Ø§Ø·Ø¦Ø© ØªØ¬Ø±Ù‘Ø¯Ùƒ Ø§Ù„Ø´ØºÙØŒ Ø§Ø¯Ø¹Ùˆ Ø§Ù„Ù„Ù‡ Ø¯Ø§Ø¦Ù…Ù‹Ø§ Ø£Ù† ÙŠÙ‡Ø¨Ùƒ Ù…Ø¹ ØªÙ…Ø§Ù… Ø§Ù„Ø´ØºÙ ØµÙˆØ§Ø¨ Ø§Ù„Ù…ÙƒØ§Ù†""",,,,1,44,[],https://twitter.com/_thenun/status/1366564538724855808
Ù†Ù‘Ø§ÙŠÙ,@_thenun,2021-03-24T07:54:27.000Z,Ù„ÙˆØ¬ÙˆØ¯Ùƒ Ù‡Ø§Ù„Ø© ØªÙØ­ÙŠØ· Ø¨ÙŠ ØªØºÙ…Ø±Ù†ÙŠ Ø¨Ø§Ù„Ø·Ù…Ø£Ù†ÙŠÙ†Ø© Ù„Ø£Ø­Ø§Ø¯ÙŠØ«Ùƒ ÙŠØ¯Ù‹Ø§ Ø­Ù†ÙˆÙ†Ø© ØªÙÙ†Ø³ÙŠÙ†ÙŠ ØªØ¹Ø¨ÙŠ ÙˆØªÙØ´Ø¹Ø±Ù†ÙŠ Ø¨Ø§Ù„Ø¯ÙÙØ¡.,,,,1,37,[],https://twitter.com/_thenun/status/1374630677195460611
Ù†Ù‘Ø§ÙŠÙ,@_thenun,2021-03-12T01:24:55.000Z,"ÙˆØ¯ÙŠ Ø§Ø­Ø¶Ù† Ø§Ù„Ø´Ø®Øµ Ø§Ù„ÙŠ Ø¨Ø¨Ø§Ù„ÙŠ
Ø§Ù„ÙŠÙŠÙŠÙŠÙŠÙŠÙŠÙŠÙŠÙŠÙŠÙŠÙŠÙŠÙ† Ø§Ù‚ÙˆÙ„ ÙˆØ§Ù„Ù„Ù‡ ØªØ¹Ø§ÙÙŠØª",,,,1,42,[],https://twitter.com/_thenun/status/1370183995321950211
Ù†Ù‘Ø§ÙŠÙ,@_thenun,2021-03-12T01:19:25.000Z,Ø§Ù„Ø§Ø®ÙˆØ§Øª Ù†Ø¹Ù…Ù‡ Ø¨Ø°ÙŠ Ø§Ù„Ø­ÙŠØ§Ù‡.,,,1,1,39,[],https://twitter.com/_thenun/status/1370182607707770882
Ù†Ù‘Ø§ÙŠÙ,@_thenun,2021-03-20T01:04:50.000Z,Ø§Ù„ØµØ¯Ø§Ø¹ Ø±Ø§Ø¹ÙŠ ÙˆØ§Ø¬Ø¨ Ø§ÙƒØ«Ø± Ù…Ù† Ø§Ù„Ø¨Ø´Ø±,,,2,1,44,[],https://twitter.com/_thenun/status/1373078044383006721
Ù†Ù‘Ø§ÙŠÙ,@_thenun,2021-03-24T07:53:38.000Z,- ÙƒÙ…Ù† Ø£ØºÙ„Ù‚ ÙƒÙ„ Ø§Ù„Ø£Ø¨ÙˆØ§Ø¨ Ù„ÙŠØ±ØªØ§Ø­ ØŒ Ùˆ Ø¨Ù‚ÙŠØª Ø§Ù„Ø±ÙŠØ­ ØªÙ‡Ø¨Ù‘ Ø¹Ù„ÙŠÙ‡ Ù…Ù† Ø«Ù‚Ø¨Ù ÙÙŠ ØµØ¯Ø±Ù‡ -,,,,,3,[],https://twitter.com/_thenun/status/1374630469858435077
Ù†Ù‘Ø§ÙŠÙ,@_thenun,2021-03-31T15:06:23.000Z,"""Ù„Ø§ Ø£Ø±ÙŠØ¯ Ø£Ù† Ø£Ø¨Ù‡Ø±ÙƒØŒ Ù„Ø§ Ø£Ø±ÙŠØ¯ Ø£Ù† ÙŠÙƒÙˆÙ† Ø§Ù„Ø¯Ø§ÙØ¹ Ø§Ù„Ø§Ù†Ø¨Ù‡Ø§Ø±ØŒ Ø£Ø±ÙŠØ¯ Ø£Ù† Ù†Ø³ØªØ±ÙŠØ­ Ù„ÙÙƒØ±Ø© Ø§Ù„Ø£Ù„ÙØ©..""",,,,1,42,[],https://twitter.com/_thenun/status/1377276093611249664
Ù†Ù‘Ø§ÙŠÙ,@_thenun,2021-03-20T07:55:02.000Z,"ÙŠØ¹Ù†ÙŠ Ø§Ù†Ø§ ØºØ±ÙŠØ¨Ø© Ø§Ø·ÙˆØ§Ø± ÙƒØ¦ÙŠØ¨Ø© Ù…Ù…Ù„Ù‡ ØºÙŠØ± Ø§Ø¬ØªÙ…Ø§Ø¹ÙŠØ© Ø­ÙŠØ§ØªÙ‡Ø§ ÙˆÙŠÙˆÙ…ÙŠØ§ØªÙ‡Ø§ Ù…Ø¹Ø¯ÙˆØ¯Ø© Ø¬Ø¯Ø§ Ù„Ù„Ø§Ù…Ø§Ù†Ù‡ Ø§Ù†Ø§ Ø­Ø§Ø¨ØªÙ†ÙŠ ÙƒØ°Ø§ Ø§Ù„ÙŠÙˆÙ… Ù†ÙØ³ Ø§Ù…Ø³ ÙˆØ¨ÙƒØ±Ù‡
Ù…Ø§ÙÙŠ Ø§Ø´ÙŠØ§Ø¡ ÙƒØ«ÙŠØ± Ø¬Ø¯ÙŠØ¯Ù‡ Ø¹Ø§Ø¯ÙŠ Ø¬Ø¯Ø§ Ø§Ù„Ø­ÙŠÙ† Ù…Ø¨Ø³ÙˆØ·Ø© ÙˆØ¨Ø¹Ø¯ Ø¯Ù‚Ø§Ø¦Ù‚ Ø§Ø²Ø¹Ù„ Ù…Ù† ÙˆÙ„Ø§ Ø´ÙŠ Ø§Ùˆ Ù†ÙØ³ÙŠØªÙŠ ØªØ²Ù‚ Ø¹Ø§Ø¯ÙŠ Ø¬Ø¯Ø§ Ø§Ø¶Ø§ÙŠÙ‚Ø© Ù…Ù† ÙˆÙ„Ø§ Ø´ÙŠ 

Ø§Ù„ÙŠÙˆÙ… Ø³Ø¨Øª ÙŠØ¹",,,,2,207,[],https://twitter.com/_thenun/status/1373181272906944513
Ù†Ù‘Ø§ÙŠÙ,@_thenun,2021-03-31T15:07:30.000Z,"""Ø£Ù…Ù‘Ø§ Ø§Ù„ØµÙØ­ ÙØ¶Ø±Ø¨ Ù…Ù† Ø§Ù„ØªØ±Ù.. Ø¥Ù†Ù†Ø§ Ù„Ø§ Ù†Ù†Ø³Ù‰ Ø§Ù„Ø£Ø´ÙŠØ§Ø¡ØŒ ÙˆÙ„ÙƒÙ†Ù‘Ù‡Ø§ Ø¨Ù…Ø±ÙˆØ± Ø§Ù„ÙˆÙ‚Øª ØªÙƒÙˆÙ† ØºÙŠØ± Ù‚Ø§Ø¯Ø±Ø© Ø¹Ù„Ù‰ Ø§Ù„ØªØ£Ø«ÙŠØ± ÙÙŠÙ†Ø§""",,,,1,41,[],https://twitter.com/_thenun/status/1377276372469571585
Ù†Ù‘Ø§ÙŠÙ,@_thenun,2021-03-14T16:25:45.000Z,Ø§Ù„Ù„Ù‡Ù… Ø¨Ø´Ù‘Ø±Ù†Ø§ ÙÙŠ Ø£ÙˆØ§Ø¦Ù„ Ø£ÙŠØ§Ù… Ø´Ù‡Ø± Ø´Ø¹Ø¨Ø§Ù† Ø¨ÙƒÙ„ Ù…Ø§Ù†ØªÙ…Ù†Ù‘Ø§Ù‡ØŒ ÙˆØ§Ø¬Ø¹Ù„ Ø±Ù…Ø¶Ø§Ù† ÙØ§ØªØ­Ø© Ø®ÙŠØ± ÙˆØ³Ø¹Ø§Ø¯Ø© Ù„Ù†Ø§ .,,â¤,1,1,48,[],https://twitter.com/_thenun/status/1371135471858900993
Ù†Ù‘Ø§ÙŠÙ,@_thenun,2021-03-19T17:49:35.000Z,"Replying to 
@SeKi__m",Ø´Ø°Ø§ Ø§Ù„ØºØ²Ù„ Ø§Ù„Ø±Ø®ÙŠØµ Ù…Ù†Ù…Ù†,ğŸ˜­ ğŸ˜­ ğŸ˜­ ğŸ˜­,1,,,[],https://twitter.com/_thenun/status/1372968506975748097
Ù†Ù‘Ø§ÙŠÙ,@_thenun,2021-03-31T15:26:06.000Z,"Replying to 
@lraviii",ÙˆØ¥Ù† Ø¯Ø§Ø±ÙŠØª ÙŠÙØ¶Ø­Ù†ÙŠ Ø§Ù„Ù…ÙˆÙ‚,,1,,,[],https://twitter.com/_thenun/status/1377281054726361091
Ù†Ù‘Ø§ÙŠÙ,@_thenun,2021-03-15T05:47:26.000Z,"Replying to 
@some_881",.,,,,,[],https://twitter.com/_thenun/status/1371337222574723073
Ø§Ù„Ù…Ø±ÙŠÙØ®.,@__Qlill,2021-03-18T05:54:57.000Z,Ø¨Ø¹Ø¶ Ø§Ù„ØªØºØ±ÙŠØ¯Ø§Øª Ù…Ø§ØªØ¶Ø­Ùƒ ÙˆØ§Ù„Ù„ÙŠ ÙŠØµØ¯Ù…Ù†ÙŠ Ø§Ù„ÙƒÙˆÙ…Ù†Øª ÙƒÙ„Ù‡ Ø¶Ø­Ùƒ !!!!,,,5,,7,[],https://twitter.com/__Qlill/status/1372426278020784129
Ù†Ù‘Ø§ÙŠÙ,@_thenun,2021-03-18T05:56:25.000Z,Ù…Ø¯ÙÙˆØ¹ Ù„Ù‡Ù… Ù‡Ù‡Ù‡Ù‡Ù‡Ù‡Ù‡Ù‡Ù‡Ù‡Ù‡Ù‡Ù‡Ù‡Ù‡Ù‡Ù‡Ù‡Ù‡Ù‡Ù‡Ù‡Ù‡Ù‡Ù‡Ù‡Ù‡Ù‡Ù‡Ù‡Ù‡Ù‡Ù‡Ù‡Ù‡Ù‡Ù‡Ù‡Ù‡Ù‡Ù‡Ù‡Ù‡Ù‡Ù‡Ù‡Ù‡Ù‡Ù‡Ù‡Ù‡Ù‡Ù‡Ù‡Ù‡,,ğŸ˜­,1,,,[],https://twitter.com/_thenun/status/1372426645676638208
Ù…Ù€Ø´Ø¹Ù‘Ù„ ÙŠÙØ¨Ù‡ | .â–½,@m_iil66,2021-03-23T21:29:57.000Z,"ÙƒÙ… Ø·ÙˆÙ„ÙƒÙ… ØŸ
 -180",,,122,,86,[],https://twitter.com/m_iil66/status/1374473515152252937
Ù†Ù‘Ø§ÙŠÙ,@_thenun,2021-03-23T22:14:24.000Z,Ø¨Ø§Ù„Ù„Ù‡ Ù…Ø§Ø¬Ø¯ Ø§Ø¹Ø·ÙŠÙ†ÙŠ 10 ÙˆÙŠØµÙŠØ± Ø·ÙˆÙ„ÙŠ 160,,â˜º,1,,1,[],https://twitter.com/_thenun/status/1374484702875115521
Rawan,@rawan__661,2021-03-30T18:23:56.000Z,Ø§Ù„Ø­ÙŠÙ† Ø§Ù„Ø¹Ø±ÙŠØ³ ÙˆØ´ ÙŠÙ‚ÙˆÙ„ Ù„Ù„Ø¹Ø±ÙˆØ³Ø© Ø¨Ø§Ù„ÙƒÙˆØ´Ù‡ Ø¹Ø´Ø§Ù† ØªØ¶Ø­ÙƒØŸ,,,33,,33,[],https://twitter.com/rawan__661/status/1376963421107814404
Ù†Ù‘Ø§ÙŠÙ,@_thenun,2021-03-30T18:33:37.000Z,ÙŠØ­Ø´ ÙÙŠ Ø´ÙƒÙ„ Ø§Ù„Ù…Ø¹Ø§Ø²ÙŠÙ… Ø¹Ø´Ø§Ù† Ø­Ø¶Ø±ØªÙ‡Ø§ ØªØ¶Ø­Ùƒ,,,1,,1,[],https://twitter.com/_thenun/status/1376965854944968711
Ù†Ù‘Ø§ÙŠÙ,@_thenun,2021-03-29T03:50:46.000Z,"Replying to 
@shhookkr",Ø§Ø«Ù†ÙŠÙ† Ù…Ø§ Ù†ØµØ¯Ù‚Ø¹Ù… ÙƒÙˆÙŠÙ„ÙŠ ÙˆØ§Ù„Ù…Ø§Ø³ÙˆÙ†ÙŠØ© Ø§Ù„ÙŠ Ø´Ø§ØºÙ„Ù‡ Ø±Ø§Ø³ Ø§Ù„Ø¹Ø±Ø¨ Ø§ÙƒØ«Ø± Ù…Ù† Ø£ØµØ­Ø§Ø¨Ù‡Ø§,,1,,1,[],https://twitter.com/_thenun/status/1376381293546647554
.,@CllUUl,2021-03-27T21:48:54.000Z,"Ù‡Ù†Ø§Ùƒ Ø´Ø§Ù…Ø¨Ùˆ Ø¶Ø¯ Ø§Ù„Ù‚ÙØ´Ø±Ø©
ÙˆÙ‡Ù†Ø§Ù„Ùƒ Ù†Ø§Ø³ Ø¶Ø¯ Ø§Ù„Ø¹ÙØ´Ø±Ø© .",,,3,,13,[],https://twitter.com/CllUUl/status/1375927838856019968
Ù†Ù‘Ø§ÙŠÙ,@_thenun,2021-03-27T22:27:23.000Z,Ù‡Ù‡Ù‡Ù‡Ù‡Ù‡Ù‡Ù‡Ù‡Ù‡Ù‡Ù‡Ù‡Ù‡Ù‡Ù‡Ù‡Ù‡Ù‡Ù‡Ù‡Ù‡Ù‡Ù‡Ù‡Ù‡Ù‡Ù‡Ù‡Ù‡Ù‡ Ø­Ù„ÙˆÙ‡ Ø­Ù„ÙˆÙ‡,,,1,,,[],https://twitter.com/_thenun/status/1375937522153447425
,@4x4x4_,2021-03-15T05:41:41.000Z,"Ø³Ø¤Ø§Ù„ Ù„Ù„Ø¨Ù†Ø§Øª :
ÙƒÙ… Ø®Ø±Ù… Ø¹Ù†Ø¯Ø¬ ÙÙŠ Ø§Ø°Ù†Ø¬ØŸ",,âš“ ğŸŒš ğŸ¥µ,46,1,31,[],https://twitter.com/4x4x4_/status/1371335774461816835
Ù†Ù‘Ø§ÙŠÙ,@_thenun,2021-03-15T05:47:11.000Z,Ø§Ù†Øª ÙƒÙ… Ø¹Ù†Ø¯ÙƒØŸ,,,1,,1,[],https://twitter.com/_thenun/status/1371337156917071886
Ù†Ù‘Ø§ÙŠÙ,@_thenun,2021-04-04T21:45:01.000Z,so much talent in one image,,,,1,43,['https://pbs.twimg.com/media/EyKS58lWUAgSl-l?format=jpg&name=small'],https://twitter.com/_thenun/status/1378825963518226433
Ù†Ù‘Ø§ÙŠÙ,@_thenun,2021-04-06T12:49:23.000Z,,,,,,3,"['https://pbs.twimg.com/media/EySrbSeXIAE_eoy?format=jpg&name=360x360', 'https://pbs.twimg.com/media/EySrdMvW8AojHCi?format=jpg&name=360x360', 'https://pbs.twimg.com/media/EySrcVhXEAEAl54?format=jpg&name=360x360', 'https://pbs.twimg.com/media/EySre3LXIAE8ut2?format=jpg&name=360x360']",https://twitter.com/_thenun/status/1379415941419765762
Ù†Ù‘Ø§ÙŠÙ,@_thenun,2021-04-22T01:02:30.000Z,,,,,,3,"['https://pbs.twimg.com/media/EzijHxAX0AE_9Sm?format=jpg&name=360x360', 'https://pbs.twimg.com/media/EzijIGEWEAYbzVM?format=jpg&name=360x360', 'https://pbs.twimg.com/media/EzijIknXsAUnnZf?format=jpg&name=360x360']",https://twitter.com/_thenun/status/1385036256103514130
Ù†Ù‘Ø§ÙŠÙ,@_thenun,2021-04-30T20:51:24.000Z,  Ø§Ù…Ø§Ù‡,,ğŸ˜­ ğŸ˜­ ğŸ˜­ ğŸ˜­,1,,1,"['https://pbs.twimg.com/media/E0P_8eYXoAA7NK9?format=jpg&name=360x360', 'https://pbs.twimg.com/media/E0P_9rGXMAUmOFe?format=jpg&name=360x360', 'https://pbs.twimg.com/media/E0P_9MgXsAEc6n6?format=jpg&name=360x360', 'https://pbs.twimg.com/media/E0P_-AyWYAQqONb?format=jpg&name=360x360']",https://twitter.com/_thenun/status/1388234554335502337
Ù†Ù‘Ø§ÙŠÙ,@_thenun,2021-04-30T20:05:05.000Z,,,ğŸ˜£ â¤,1,,1,"['https://pbs.twimg.com/media/E0P1RXEX0AAVRo0?format=jpg&name=360x360', 'https://pbs.twimg.com/media/E0P1T0EXIAIZlks?format=jpg&name=360x360', 'https://pbs.twimg.com/media/E0P1SpnXEAEY7RC?format=jpg&name=360x360', 'https://pbs.twimg.com/media/E0P1V0ZXoAAVeeE?format=jpg&name=360x360']",https://twitter.com/_thenun/status/1388222897810989057
Ù†Ù‘Ø§ÙŠÙ,@_thenun,2021-04-22T01:09:53.000Z,- Ø§Ù„Ù…Ø¹Ø¬Ø²Ø§Øª Ù„Ø§ ØªØ­Ø¯Ø« Ù…Ø¹ÙŠ Ø£Ø¨Ø¯Ù‹Ø§,,,,,3,[],https://twitter.com/_thenun/status/1385038111571386371
Ù†Ù‘Ø§ÙŠÙ,@_thenun,2021-04-22T01:09:08.000Z,- Ø±ØºØ¨Ø© Ø¹Ø§Ø±Ù…Ù‡ ÙÙŠ Ø¥Ù„Ù‚Ø§Ø¡ Ø§Ù„Ø´ØªØ§Ø¦Ù….,,,,,4,[],https://twitter.com/_thenun/status/1385037923909881862
Ù†Ù‘Ø§ÙŠÙ,@_thenun,2021-04-17T03:20:33.000Z,ØªØµØ§Ù„Ø­ÙÙˆ Ù‚Ø¯ÙÙ‘ ÙŠÙ†ÙØ§Ù… Ø£Ø­Ø¯ÙƒÙ… Ø¥Ù„Ù‰ Ø§Ù„Ø£Ø¨Ø¯ .,,,,,42,[],https://twitter.com/_thenun/status/1383259057499164673
97.,@n97fh,2021-04-13T01:44:03.000Z,"Replying to 
@_thenun",,,1,,,['https://pbs.twimg.com/media/Ey0WVX1XMAEJ4Le?format=jpg&name=small'],https://twitter.com/n97fh/status/1381785222262444033
Ù†Ù‘Ø§ÙŠÙ,@_thenun,2021-04-13T01:45:00.000Z,,,,,,,['https://pbs.twimg.com/media/Ey0WjNfW8AMJO5M?format=jpg&name=small'],https://twitter.com/_thenun/status/1381785457617424390
Ù†Ù‘Ø§ÙŠÙ,@_thenun,2021-04-22T01:19:19.000Z,Ø§Ù„Ø³Ù„Ø§Ù… Ø¹Ù„ÙŠÙ†Ø§ ÙˆØ¹Ù„Ù‰ ØµØ¨Ø±Ù†Ø§ Ø¹Ù„Ù‰ Ø¨Ø¹Ø¶ Ø§Ù„ÙƒØ§Ø¦Ù†Ø§Øª Ø§Ù„Ø­ÙŠØ©,,,,,4,[],https://twitter.com/_thenun/status/1385040485362900996
Ù†Ù‘Ø§ÙŠÙ,@_thenun,2021-04-17T03:19:01.000Z,ÙŠØ§Ù†ÙˆØ± Ø§Ù„Ø³Ù…Ø§ÙˆØ§Øª ÙˆØ§Ù„Ø£Ø±Ø¶ØŒ Ø£Ù†Ø± Ù…Ø§ Ø£Ø·ÙØ¦ØªÙ‡Ù Ø§Ù„Ø­ÙŠØ§Ø© ÙÙŠÙ†Ø§.,,,,,43,[],https://twitter.com/_thenun/status/1383258669018583040
Ù†Ù‘Ø§ÙŠÙ,@_thenun,2021-04-22T00:52:24.000Z,ÙŠØ§Ù„Ù„Ù‡ Ø¹ Ø§Ù„Ø³Ù„Ø§Ù… Ø§Ù„Ø¯Ø§Ø®Ù„ÙŠ Ø§Ù„ÙŠ ÙÙŠÙ†ÙŠ Ø§Ù„Ø­ÙŠÙ† ÙŠØ§Ø±Ø¨ Ø¯Ø§Ø¦Ù…Ø§ ,,â˜ ğŸŒ™,,,35,[],https://twitter.com/_thenun/status/1385033714665672704
Ù†Ù‘Ø§ÙŠÙ,@_thenun,2021-04-22T01:14:16.000Z,Ù„Ù‚Ø¯  Ø£Ù‡Ø¯Ø±Ù†Ø§ Ø§Ù„Ø¬Ø§Ù†Ø¨ Ø§Ù„Ø±Ø§Ø¦Ø¹ Ù…Ù† Ø´Ø®ØµÙŠØ§ØªÙ†Ø§ Ù…Ø¹ Ø§Ù„Ø£Ø´Ø®Ø§Øµ Ø§Ù„Ø®Ø·Ø£,,,,,3,[],https://twitter.com/_thenun/status/1385039216271319048
Ù†Ù‘Ø§ÙŠÙ,@_thenun,2021-04-30T23:40:14.000Z,"Replying to 
@ya_alhawsawi",ÙˆØ§Ù„Ù„Ù‡ ÙŠØ§Ø®ØªÙŠ Ù†Ø²Ù„ Ù…Ù† 3 Ø§ÙŠØ§Ù…,,1,,,['https://pbs.twimg.com/media/E0QmnHGWQAAzQgi?format=jpg&name=small'],https://twitter.com/_thenun/status/1388277042605662208
Ù†Ù‘Ø§ÙŠÙ,@_thenun,2021-04-23T03:51:08.000Z,"Ø¢ÙŠØ© Ø§Ù„ÙŠÙˆÙ… 
 (8:15)Ø§Ù„Ø£Ù†ÙØ§Ù„ 

ÙŠÙÙ°Ù“Ø£ÙÙŠÙÙ‘Ù‡ÙØ§ Ù±Ù„ÙÙ‘Ø°ÙÙŠÙ†Ù Ø¡ÙØ§Ù…ÙÙ†ÙÙˆÙ“Ø§ÛŸ Ø¥ÙØ°ÙØ§ Ù„ÙÙ‚ÙÙŠØªÙÙ…Ù Ù±Ù„ÙÙ‘Ø°ÙÙŠÙ†Ù ÙƒÙÙÙØ±ÙÙˆØ§ÛŸ Ø²ÙØ­Ù’ÙÙ‹Ø§ ÙÙÙ„ÙØ§ ØªÙÙˆÙÙ„ÙÙ‘ÙˆÙ‡ÙÙ…Ù Ù±Ù„Ù’Ø£ÙØ¯Ù’Ø¨ÙØ§Ø±",,,,,7,[],https://twitter.com/_thenun/status/1385441081865687040
Ù†Ù‘Ø§ÙŠÙ,@_thenun,2021-04-30T20:47:14.000Z,ÙŠØ§Ø®ÙŠ Ø§ÙŠØ§Ù… Ø§Ù„ÙÙ† Ø§Ù†ØªÙŠ Ø´Ø¹Ø±ÙÙƒ Ø¨Ø³ ,,ğŸ˜­ ğŸ˜­ ğŸ˜‚ ğŸ˜‚ ğŸ˜‚ ğŸ˜‚ ğŸ˜‚,,,,['https://pbs.twimg.com/media/E0P_A6DWEAEaLwX?format=jpg&name=small'],https://twitter.com/_thenun/status/1388233504308310019
Ù†Ù‘Ø§ÙŠÙ,@_thenun,2021-04-13T01:41:02.000Z,"Replying to 
@n97fh",,,1,,1,['https://pbs.twimg.com/media/Ey0VpEgXMAE_6Tl?format=jpg&name=900x900'],https://twitter.com/_thenun/status/1381784459628929024
Ù†Ù‘Ø§ÙŠÙ,@_thenun,2021-04-06T12:44:08.000Z,ÙŠØ§Ø­Ø¸Ùƒ ,,ğŸ˜­ ğŸ˜­,,,,['https://pbs.twimg.com/media/EySqSJlWYAExnSr?format=jpg&name=small'],https://twitter.com/_thenun/status/1379414620323119106
Ù†Ù‘Ø§ÙŠÙ,@_thenun,2021-04-07T21:01:23.000Z,"Replying to 
@omerx73
 and 
@ScreenMix",,,,,,['https://pbs.twimg.com/media/EyZlsAlWYAoRZtF?format=jpg&name=small'],https://twitter.com/_thenun/status/1379902145307279360
Ù†Ù‘Ø§ÙŠÙ,@_thenun,2021-04-30T02:42:01.000Z,"Replying to 
@2iin2i",ÙˆÙ„Ù‚ÙŠØª Ø§Ù„Ø·Ø¨Ø·Ø¨Ø© Ù‡Ù‡Ù‡Ù‡Ù‡Ù‡Ù‡Ù‡Ù‡Ù‡Ù‡Ù‡Ù‡Ù‡Ù‡Ù‡Ù‡Ù‡Ù‡Ù‡Ù‡Ù‡Ù‡Ù‡Ù‡Ù‡Ù‡Ù‡Ù‡Ù‡Ù‡Ù‡Ù‡Ù‡Ù‡,,,,,[],https://twitter.com/_thenun/status/1387960401762168839
Ù†Ù‘Ø§ÙŠÙ,@_thenun,2021-04-06T16:51:05.000Z,"Replying to 
@v_7m1
 @ra_0___
 and 18 others",,ğŸ’œ,,,2,['https://pbs.twimg.com/media/EyTizk-XAAIP9vM?format=jpg&name=small'],https://twitter.com/_thenun/status/1379476767228977156
Ù†Ù‘Ø§ÙŠÙ,@_thenun,2021-04-30T20:45:11.000Z,ÙƒÙ†Øª Ù†Ø§Ù„Ø§ Ø§Ø®ØªØµØ§Ø± Ø§Ø³Ù…ÙŠ Ø¨Ø¹Ø¯ÙŠÙ† Ù†ÙŠÙ„Ùˆ ØªÙŠØ§Ø±Ø§ Ø¨Ø¹Ø¯ÙŠÙ† ØªÙˆØª Ø¹Ù†Ø® Ø¢Ù…ÙˆÙ† ,,ğŸŒ,,,,[],https://twitter.com/_thenun/status/1388232991072260097
â‰¼ Ø¹ÙŠØ³ÙÙ‰ Ø§Ù„Ø­Ø§Ø±Ø«ÙŠ .,@qnoo10,2021-04-21T16:53:33.000Z,Ø§Ù„Ù„Ù‡ÙÙ… Ø¥Ø³ØªÙ‚Ø§Ù…Ù‡ Ù…Ù‡Ù…Ø§ Ù…Ø§Ù„Øª Ø¨Ù†Ø§ Ø§Ù„Ø£ÙŠØ§Ù… .,,,3,,140,[],https://twitter.com/qnoo10/status/1384913207274442756
Ù†Ù‘Ø§ÙŠÙ,@_thenun,2021-04-22T00:52:46.000Z,Ø§Ù…ÙŠÙ† ÙŠØ§Ø±Ø¨,,,,,,[],https://twitter.com/_thenun/status/1385033804490977285
Ù†Ù‘Ø§ÙŠÙ,@_thenun,2021-04-09T15:46:04.000Z,0,,,,,,[],https://twitter.com/_thenun/status/1380547570209013762
Ù†Ù‘Ø§ÙŠÙ,@_thenun,2021-04-13T11:57:54.000Z,Ø§Ø¯Ø¹ÙŠ Ø§Ù„Ø±Ø¨ Ø§Ù†ÙŠ Ù…Ø§Ø´ÙˆÙ Ù‡Ø§Ù„Ø³Ø®Ø§ÙØ§Øª  Ù„ÙƒÙ† Ù…Ø³ØªØ­ÙŠÙ„,,,,,,[],https://twitter.com/_thenun/status/1381939700626231296
Ù†Ù‘Ø§ÙŠÙ,@_thenun,2021-04-04T16:20:03.000Z,"Replying to 
@v_7m1",.,,2,,1,[],https://twitter.com/_thenun/status/1378744183977021442
Ù†Ù‘Ø§ÙŠÙ,@_thenun,2021-04-04T11:11:01.000Z,Ø§Ù‡Ù… Ø´ÙŠ Ø§Ù„Ø³ØªØ± Ù‡Ù‡Ù‡Ù‡Ù‡Ù‡Ù‡Ù‡Ù‡Ù‡Ù‡Ù‡Ù‡Ù‡Ù‡Ù‡Ù‡Ù‡Ù‡Ù‡Ù‡Ù‡Ù‡Ù‡Ù‡Ù‡Ù‡Ù‡Ù‡Ù‡Ù‡Ù‡Ù‡Ù‡Ù‡Ù‡Ù‡Ù‡Ù‡Ù‡Ù‡Ù‡Ù‡Ù‡Ù‡Ù‡,,,,,,[],https://twitter.com/_thenun/status/1378666410235342849
Ø£Ù„Ø¬Ù€Ø§Ø²ÙŠÙŒ,@a_lliiiod,2021-04-25T21:06:29.000Z,"Ù©/Ù¡Ù¤
Itâ€™s My Birthday 
Ø§Ù‡Ù„Ù‹Ø§ Ø¨ÙŠÙˆÙ… ÙŠØ¶ÙÙ… ÙŠÙˆÙ… Ù…ÙŠÙ„Ø§Ø¯ÙŠ.",,ğŸ­ ğŸ‚ ğŸˆ,15,,15,[],https://twitter.com/a_lliiiod/status/1386426410579861528
Ù†Ù‘Ø§ÙŠÙ,@_thenun,2021-04-25T21:28:07.000Z,ÙƒÙ„ Ø¹Ø§Ù… Ùˆ ÙˆØ§Ù†ØªÙŠ Ø¨Ø®ÙŠØ± ÙˆØµØ­Ø© ÙˆØ³Ø¹Ø§Ø¯Ø© Ø¯Ø§Ø¦Ù…Ø© ÙƒÙ„ Ø¹Ø§Ù… ÙˆØ§Ù†ØªÙŠ Ù…Ø°Ù‡Ù„Ø© Ù…Ø´Ø±Ù‚Ø© ,,â¤ ğŸŠ ğŸ‰ ğŸˆ ğŸ‚,1,,1,[],https://twitter.com/_thenun/status/1386431855726006272
Ù†Ù‘Ø§ÙŠÙ,@_thenun,2021-04-15T03:10:14.000Z,"Replying to 
@alndxx
 and 
@pnl5l",Ø¨ØªÙˆÙÙŠÙ‚ ÙˆØ±Ø¨ÙŠ ÙŠØ³Ù‡Ù„ Ø¹Ù„ÙŠÙƒ ÙˆÙŠÙˆÙÙ‚Ùƒ ,ğŸ’œ ğŸ’œ,1,,,[],https://twitter.com/_thenun/status/1382531683409408000
Ù†Ù‘Ø§ÙŠÙ,@_thenun,2021-04-28T17:12:47.000Z,"Ø§ØªÙÙ‚ Ù†Ø§Ø³ ÙˆØ¬ÙˆØ¯Ù‡Ù… Ø­Ù„Ùˆ Ù„Ø·ÙŠÙ Ù…Ø«Ù„Ù‡Ù…  @F5Ro0 @ixxxnor 
@SeKi__m",,ğŸ’› ğŸ’›,1,,1,[],https://twitter.com/_thenun/status/1387454760241045505
Ù†Ù‘Ø§ÙŠÙ,@_thenun,2021-05-25T00:25:56.000Z,Ù„Ù… ÙŠØ¹ÙØ¯ Ù‡Ù†Ø§Ùƒ Ø´ÙŠØ¡ Ù…Ø¨Ù‡Ø±Ø§Ù‹ .,,,,1,23,[],https://twitter.com/_thenun/status/1396985852451033096
Ù†Ù‘Ø§ÙŠÙ,@_thenun,2021-05-21T04:49:57.000Z,Ø¨Ø®ÙŠØ± Ø¬Ø¯Ø§Ù‹ Ù„Ø¯Ø±Ø¬Ø© Ø£Ù†Ù†ÙŠ Ø³Ø£Ù†Ù‡Ø§Ø±Ù Ù‚Ø±ÙŠØ¨Ø§Ù‹ .,,,,1,104,[],https://twitter.com/_thenun/status/1395602743654551552
Ù†Ù‘Ø§ÙŠÙ,@_thenun,2021-05-23T14:16:14.000Z,ÙˆØµÙÙ‡Ø§ Ù‚Ø§Ø¦Ù„Ø§Ù‹ : Ø¥Ù†Ù…Ø§ Ù‡Ù€ÙŠ Ø´ÙŠØ¡ ØªØ·ÙŠØ¨ Ø¨Ù€Ù‡ Ø§Ù„Ø¬Ø±Ø§Ø­,,,,,86,[],https://twitter.com/_thenun/status/1396470028837560323
Ù†Ù‘Ø§ÙŠÙ,@_thenun,2021-05-21T13:44:16.000Z,ÙÙŠ Ø§Ù„Ø¨Ø¯Ø§ÙŠÙ‡ ØªØ¨Ø§Ø¯Ù„Ù†Ø§ Ø§Ù„Ù…ÙˆØ³ÙŠÙ‚ÙŠ Ø«Ù… ÙƒÙ„ Ø´Ø¦,,,,,26,[],https://twitter.com/_thenun/status/1395737209630871552
Ù†Ù‘Ø§ÙŠÙ,@_thenun,2021-05-29T17:09:21.000Z,ÙƒÙŠÙ Ø­Ø§Ù„Ùƒ Ø§Ù„Ù„ÙŠÙ„Ø©ØŸ,,,3,1,122,[],https://twitter.com/_thenun/status/1398687919406190593
Ù†Ù‘Ø§ÙŠÙ,@_thenun,2021-05-22T20:13:11.000Z,"â€Ø­ØªÙ‰ ÙˆÙ‡Ùˆ Ù…ÙØ·Ù…Ø¦Ù†ØŒ ÙƒØ§Ù† Ù‚Ù„ÙÙ‚Ù‹Ø§ Ù…Ù† Ø£Ù† ÙŠØ²ÙˆÙ„ 
Ù‡Ø°Ø§ Ø§Ù„Ø´Ø¹ÙˆØ±.â€",,,,1,29,[],https://twitter.com/_thenun/status/1396197470099677187
Ù†Ù‘Ø§ÙŠÙ,@_thenun,2021-05-22T19:32:42.000Z,""" ÙƒØ§Ù†Øª ÙƒØ§Ù„Ù‚Ù…Ø± ÙÙŠ Ù„ÙŠÙ„Ø© ØºØ§Ø¦Ù…Ø© Ø¬Ù…ÙŠÙ„Ø© Ù„ÙƒÙ† Ù…Ø®ØªØ¨Ø¦Ø© """,,,1,,109,[],https://twitter.com/_thenun/status/1396187282319753216
Ù†Ù‘Ø§ÙŠÙ,@_thenun,2021-05-22T20:27:38.000Z,Ù†ØµØ¨Ø­ Ø¹Ù„Ù‰ Ø®ÙŠØ± ÙŠØ§Ø±Ø¨.,,ğŸ’›,,,4,[],https://twitter.com/_thenun/status/1396201104480870400
Ù†Ù‘Ø§ÙŠÙ,@_thenun,2021-05-29T11:21:16.000Z,Ù‡Ù†Ø§Ùƒ Ù‚ÙˆØ© ÙÙŠ ÙƒÙˆÙ†Ùƒ Ù‡Ø§Ø¯Ø¦Ø§Ù‹ .,,,,,2,[],https://twitter.com/_thenun/status/1398600323401388033
Ù†Ù‘Ø§ÙŠÙ,@_thenun,2021-05-28T17:17:25.000Z,"""ÙˆØ¥Ù† Ø¹Ø§Ø¯ Ø¥Ù„ÙŠÙƒ Ù…ÙƒØ³ÙˆØ±Ø§ ÙØ§ÙƒØ³Ø± Ù…Ø§ ØªØ¨Ù‚Ù‰ Ù…Ù†Ù‡""",,,,,6,[],https://twitter.com/_thenun/status/1398327564230447105
Ù†Ù‘Ø§ÙŠÙ,@_thenun,2021-05-20T13:56:30.000Z,Ø£ÙŠÙ†Ù…Ø§ ÙƒØ§Ù†Øª Ø§Ù„Ø¨ÙØ³Ø§Ø·Ø© ØªÙƒÙˆÙ† Ø¯ÙÙ‡Ø´ØªÙŠ.,,,,1,31,[],https://twitter.com/_thenun/status/1395377898622787588
Ù†Ù‘Ø§ÙŠÙ,@_thenun,2021-05-23T20:36:52.000Z,ÙˆÙŠØ£ØªÙŠ Ø§Ù„Ù„ÙŠÙ„ Ù„ÙŠØ«Ø¨Øª Ù„Ùƒ Ø§Ù†Ùƒ Ø´Ø®Øµ ÙˆØ­ÙŠØ¯ .,,ğŸ–¤,,,2,[],https://twitter.com/_thenun/status/1396565819568623623
Ù†Ù‘Ø§ÙŠÙ,@_thenun,2021-05-29T17:01:53.000Z,Ø£Ù† Ø£ÙƒÙˆÙ† ÙƒÙ…Ø§ Ø£Ù†Ø§ Ø­Ù‚ÙŠÙ‚Ø©Ù‹ ÙˆØ´Ø¹ÙˆØ±Ù‹Ø§ØŒ Ù‚ÙˆÙ„Ù‹Ø§ ÙˆØ¹Ù…Ù„Ù‹Ø§ØŒ ÙŠØ¸Ù‡Ø± Ø®Ø§Ø±Ø¬ÙŠ Ù…Ø§ ØªÙƒÙ†Ù‘Ù‡ Ø±ÙˆØ­ÙŠØŒ Ø¨Ù„Ø§ ÙˆØ¬Ù„ Ø£Ùˆ Ù…ÙˆØ§Ø±Ø§Ø©.. Ø£Ù† Ø£ÙƒÙˆÙ† Ù†ÙØ³ÙŠ Ø§Ù„ØªÙ‘ÙŠ Ø£Ø­Ø¨Ù‘ ÙˆØ£Ø¹Ø±ÙÙ,,,,,254,[],https://twitter.com/_thenun/status/1398686042606211081
Ù†Ù‘Ø§ÙŠÙ,@_thenun,2021-05-25T00:19:22.000Z,"Ø¥Ù†Ù‡ Ø§Ù„Ù„ÙŠÙ„ , Ø§Ù„ÙˆÙ‚Øª Ø§Ù„Ù…Ù†Ø§Ø³Ø¨ Ù„ØªØºØ±Ù‚ ÙÙŠ Ø´Ø¹ÙˆØ±Ùƒ Ø£ÙƒØ«Ø± .",,,,1,19,[],https://twitter.com/_thenun/status/1396984200843206656
Ù†Ù‘Ø§ÙŠÙ,@_thenun,2021-05-30T01:22:30.000Z,â€ÙŠØ³ØªØ­ÙˆØ° Ø¹Ù„ÙŠÙ‘ Ø´Ø¹ÙˆØ±ÙŒ ØºØ±ÙŠØ¨ØŒ Ø´Ø¹ÙˆØ±ÙŒ Ø®Ø§Ù„Ù Ù…Ù† Ø£ÙŠÙ Ù†ÙˆØ¹Ù Ù…Ù† Ø£Ù†ÙˆØ§Ø¹ Ø§Ù„Ø·Ù…Ø£Ù†ÙŠÙ†Ø©â€œ,,,,,118,[],https://twitter.com/_thenun/status/1398812028584800266
Ù†Ù‘Ø§ÙŠÙ,@_thenun,2021-05-23T11:27:02.000Z,"Ø¨Ø¯Ù‚ÙŠÙ‚Ø© ÙŠÙ‡Ø°ÙŠ Ø·Ø±Ø¨Ù‹Ø§ØŒ ÙˆÙÙŠ Ø§Ù„ØªØ§Ù„ÙŠØ© ÙŠÙƒØªØ¦Ø¨""",,,,1,29,[],https://twitter.com/_thenun/status/1396427449458700288
Ù†Ù‘Ø§ÙŠÙ,@_thenun,2021-05-29T11:22:55.000Z,Ù…ÙØªØ¹Ø¨ Ù„ÙƒÙ†Ùƒ ØªØ¨ØªØ³Ù… Ø¨Ø®ÙØ© ØŒ Ù„ÙƒÙŠ Ù„Ø§ ÙŠØ­Ù…Ù„ Ø£Ø­Ø¯ Ù‡Ù…Ù‘Ùƒ ÙÙˆÙ‚ Ù‡Ù…Ù‡ .,,,,,1,[],https://twitter.com/_thenun/status/1398600738608234505
Ù†Ù‘Ø§ÙŠÙ,@_thenun,2021-04-22T01:12:10.000Z,"Replying to 
@_thenun","Ø§Ù„Ù„Ù‡ Ù‚Ø¯ Ø®Ù„Ù‚ Ø§Ù„Ù†Ø³Ø§Ø¡ ØŸ
Ù‚ØµØ§Ø¦Ø¯ Ø¥Ù„Ø§ Ø£Ù†ØªÙ
Ø§ØµØ·ÙØ§Ùƒ
Ø£Ù† ØªÙƒÙˆÙ†ÙŠ Ø£ØºÙ†ÙŠØ©.",,1,,49,[],https://twitter.com/_thenun/status/1385038687059300352
Ù†Ù‘Ø§ÙŠÙ,@_thenun,2021-05-25T00:28:06.000Z,"ÙˆØ¥Ù†Ù‡Ø§ Ø³Ø§ÙƒÙ†Ø© Ù„Ø§ ØªÙØ­Ø¨ÙÙ‘ Ù„ÙØª Ø§Ù„Ø¥Ù†ØªØ¨Ø§Ù‡ØŒ Ù„Ø¯ÙŠÙ‡Ø§ ÙŠÙ‚ÙŠÙ†ÙŒ
Ø£Ù†Ù‡Ø§ ØªØ³ØªØ­Ù‚ÙÙ‘ Ø£Ù† ÙŠÙØ³Ø¹Ù‰ Ø¥Ù„ÙŠÙ‡Ø§ .",,,1,,81,[],https://twitter.com/_thenun/status/1396986398218063877
Ù†Ù‘Ø§ÙŠÙ,@_thenun,2021-05-23T11:28:21.000Z,ÙƒÙ„Ù†Ø§ Ù„Ø§Ø²Ù… ÙŠÙƒÙˆÙ† Ø¹Ù†Ø¯Ù†Ø§ Ø£Ø­Ø¯ ØºØ§Ù„ÙŠ Ø¹Ù„ÙŠÙ†Ø§ Ù…ÙˆÙ„ÙˆØ¯ ÙÙŠ Ø´Ù‡Ø± 4!,,ğŸ’™,,,86,[],https://twitter.com/_thenun/status/1396427777700728832
Ø±ÙŠØ§Ø¶,@iiqwwp,2021-05-26T22:01:01.000Z,"Replying to 
@_thenun","Ù„Ø§ Ù„Ù…Ø­Øª Ø§Ù„ØµØ¨Ø­ ÙÙŠ ÙˆØ¬Ù‡Ùƒ Ø£Ù‚ÙˆÙ„
Ù‡Ø°Ø§ Ø§Ù„ØµØ¨Ø§Ø­ Ø§Ù„Ù„ÙŠ ÙŠØ¬ÙŠØ¨ Ø§Ù„Ø¹Ø§ÙÙŠØ©",,1,,1,[],https://twitter.com/iiqwwp/status/1397674157081567232
Ù†Ù‘Ø§ÙŠÙ,@_thenun,2021-05-26T22:24:21.000Z,"ÙˆØ¬ÙˆØ¯Ùƒ Ù„Ø·ÙŠÙ.. 
ØµØ¨Ø§Ø­ Ø§Ù„Ù†ÙˆØ±",,ğŸ’› ğŸ’›,1,,1,['https://pbs.twimg.com/media/E2WOk2OXwAAAsxg?format=jpg&name=small'],https://twitter.com/_thenun/status/1397680028138328064
Ù†Ù‘Ø§ÙŠÙ,@_thenun,2021-05-29T11:24:10.000Z,Ø¹Ù†Ø¯Ù…Ø§ ÙŠÙ‚ÙˆÙ„ Ù„ÙŠ Ø§Ø­Ø¯ ØªØ´Ø¨Ù‡ÙŠÙ† Ø§Ù…Ù‘Ùƒ Ø§Ø­Ø³ Ø¨ÙÙ€ Ø§Ù„Ø¬Ù…Ø§Ù„ØŒ Ù„Ø£Ù†ÙŠ Ø§Ø®Ø°Øª Ø´ÙŠØ¡ Ù…Ù† Ø§Ù†Ø³Ø§Ù†Ø© ØªØ´Ø¨Ù‡ Ø§Ù„Ø¬Ù†Ø©.,,,1,,136,[],https://twitter.com/_thenun/status/1398601052518244353
Ù†Ù‘Ø§ÙŠÙ,@_thenun,2021-05-21T08:36:38.000Z,"Ù…Ø§Ø°Ø§ Ù„Ùˆ ØªØ­Ø¯Ù‘Ø«Øª Ø§Ù„Ù…Ø®Ù„ÙˆÙ‚Ø§ØªØŸ 
- Ø§Ù„Ù†Ù‡Ø±: Ø£Ø±ÙˆØ§Ø­ Ø§Ù„ØºØ±Ù‚Ù‰ ØªÙØ­Ù„Ù‘Ù‚Ù Ø¨ÙŠ. 
- Ø§Ù„Ø´Ø¬Ø±Ø©: Ù„Ø§ ØªØ¯Ù‡Ø³ÙˆØ§ Ø¯Ù…ÙˆØ¹ÙŠ.
- Ø§Ù„Ø¯Ù…ÙˆØ¹: ÙƒÙÙ‘ Ø¹Ù† Ø­Ø¨Ø³ÙŠ. 
- Ø§Ù„Ø£Ø¸Ø§ÙØ±: Ø£Ø³Ù†Ø§Ù†Ùƒ ØªØ¤Ù„Ù…Ù†ÙŠ! 
- Ø§Ù„Ø¨ØµÙ„: Ø¥Ø¨ÙƒÙ! 
- Ø§Ù„ÙˆØ¬ÙˆÙ‡: Ø«Ù…Ù‘Ø© ÙˆØ¬ÙˆÙ‡ÙŒ Ø£Ø®Ø±Ù‰ Ø®Ù„ÙÙŠ.",,,,,26,[],https://twitter.com/_thenun/status/1395659789053665282
Ù†Ù‘Ø§ÙŠÙ,@_thenun,2021-05-26T17:08:14.000Z,Ø·Ù‚Ø³ Ù…Ù†Ø§Ø³Ø¨ Ù„Ø¥Ù†Ù‡Ø§Ø¡ Ø§Ù„Ø¹Ù„Ø§Ù‚Ø§Øª Ø§Ù„Ø¥Ø¬ØªÙ…Ø§Ø¹ÙŠØ© .,,,2,,88,[],https://twitter.com/_thenun/status/1397600478347808776
Ù†Ù‘Ø§ÙŠÙ,@_thenun,2021-05-20T05:25:53.000Z,- Ø£Ù„ÙŠØ³ Ø§Ù„Ø¨Ù‚Ø§Ø¡ ÙÙŠ ØºØ±ÙØªÙƒÙ Ù„ÙˆØ­Ø¯Ùƒ Ø¨Ø±ÙÙ‚Ø© Ø£Ø´ÙŠØ§Ø¦Ùƒ Ø§Ù„Ù…ÙÙØ¶Ù„Ø© Ø£ÙØ¶Ù„ Ù…Ù† Ù‡Ø±Ø§Ø¡ Ù‡Ø°Ø§ Ø§Ù„Ø¹Ø§Ù„Ù… Ø¨Ø§Ù„Ø®Ø§Ø±Ø¬ !,,,,1,30,[],https://twitter.com/_thenun/status/1395249397047386115
Ù†Ù‘Ø§ÙŠÙ,@_thenun,2021-05-25T15:44:56.000Z,"Replying to 
@xilli_41
 and 
@oil1w",Ù…Ù„ÙŠÙˆÙ† Ù„Ø§ÙŠÙƒ,,1,,,['https://pbs.twimg.com/media/E2PpkOzWEAoj8wF?format=jpg&name=small'],https://twitter.com/_thenun/status/1397217123815067652
Ù†Ù‘Ø§ÙŠÙ,@_thenun,2021-05-25T00:15:27.000Z,"Replying to 
@SeKi__m",Ø§Ù‡ Ù„Ø§ ØªØ´ÙˆÙÙ†ÙŠ Ø­ÙŠØ§ØªÙŠ ÙˆØ§Ù†Ø§ Ø¨Ø®Ù‚ Ø¹ Ø´ÙŠ Ù…Ùˆ Ø­Ù‚ÙŠÙ‚ÙŠ ,ğŸ˜‚,1,,,['https://pbs.twimg.com/media/E2MU0wqWUAQFUEk?format=jpg&name=240x240'],https://twitter.com/_thenun/status/1396983212002451459
Ù†Ù‘Ø§ÙŠÙ,@_thenun,2021-05-25T00:20:40.000Z,"Replying to 
@_rhf10
 @4sxco
 and 
@BiN_L00TAh",Ø¹Ø¨Ù„Ø© ÙƒØ§Ù…Ù„,,1,,,[],https://twitter.com/_thenun/status/1396984525947691009
Ù†Ù‘Ø§ÙŠÙ,@_thenun,2021-05-25T18:10:43.000Z,"Replying to 
@__a7lli",@Bullshti1,,2,,1,[],https://twitter.com/_thenun/status/1397253811341873158
Ø±ÙŠØ§Ø¶,@iiqwwp,2021-05-28T18:12:20.000Z,"Replying to 
@2iin2i
 and 
@_thenun",ÙˆÙ†ÙƒÙ…Ù„ Ø¨ Ø§Ù„ØªØ§ÙŠÙ…,,1,,,['https://pbs.twimg.com/media/E2foFAUX0AcvoDf?format=jpg&name=240x240'],https://twitter.com/iiqwwp/status/1398341383791026178
Ù†Ù‘Ø§ÙŠÙ,@_thenun,2021-05-28T18:20:41.000Z,Ù‡Ù‡Ù‡Ù‡Ù‡Ù‡Ù‡Ù‡Ù‡Ù‡Ù‡Ù‡Ù‡Ù‡Ù‡Ù‡Ù‡Ù‡Ù‡Ù‡Ù‡Ù‡Ù‡Ù‡Ù‡Ù‡Ù‡Ù‡Ù‡Ù‡Ù‡Ù‡Ù‡Ù‡Ù‡Ù‡Ù‡Ù‡Ù‡Ù‡Ù‡Ù‡Ù‡Ù‡Ù‡Ù‡Ù‡Ù‡Ù‡Ù‡Ù‡Ù‡Ù‡ Ø§ÙØ¶Ù„ Ù„Ùƒ ÙˆØ§Ù„Ù„Ù‡,,,,,,[],https://twitter.com/_thenun/status/1398343484302663682
Ø±ÙŠØ§Ø¶,@iiqwwp,2021-05-28T18:07:19.000Z,"Replying to 
@2iin2i",Ù…Ù† Ø°ÙŠ Ø¨Ø¹Ø¯ ÙƒÙ„ Ø´ÙˆÙŠ Ø·Ø§Ù„Ø¹ Ù„Ù†Ø§ ÙˆØ§Ø­Ø¯,,1,,,[],https://twitter.com/iiqwwp/status/1398340119682326529
Ù†Ù‘Ø§ÙŠÙ,@_thenun,2021-05-28T18:08:43.000Z,Ù…Ø§ØªØ¨ØºÙ‰ ØªØ¹Ø±Ù Ù…Ù† Ø°ÙŠ ØµØ¯Ù‚Ù†ÙŠ ØµØ¯Ù‚Ù†ÙŠ,,,,,,[],https://twitter.com/_thenun/status/1398340473484460033
ABDULLAH.ZH,@_bodz11,2021-05-29T12:15:43.000Z,"Replying to 
@1_oo00j
 @1Timpo
 and 
@NawafOsaimi",Ø§Ù„Ø­Ù’Ù…Ø± Ù…Ø´Ø±ÙˆØ¨ ÙŠØ­ØªÙˆÙŠ Ø¹Ù„Ù‰ Ù†ÙˆØ¹ Ù…Ù† Ø§Ù„ÙƒØ­ÙˆÙ„ ÙŠØ¹Ø±Ù Ø¹Ù„Ù…ÙŠØ§ Ø¨Ø§Ø³Ù… Ø§Ù„Ø¥ÙŠØ«Ø§Ù†ÙˆÙ„ØŒÙˆØªÙØµÙ†Ø¹ Ù…Ù† Ø§Ù„Ø¹Ø¯ÙŠØ¯ Ù…Ù† Ø§Ù„Ø£ØºØ°ÙŠØ© Ù…Ø«Ù„ Ø§Ù„Ø¹Ù†Ø¨ ÙˆØ§Ù„Ø´Ø¹ÙŠØ± ÙˆØºÙŠØ±Ù‡Ù…Ø§ØŒÙˆÙŠØ´Ù…Ù„ ØªØµÙ†ÙŠØ¹Ù‡Ø§ Ø¹Ø¯Ø© Ø·Ø±Ù‚ Ù…Ø«Ù„ Ø§Ù„ØªØ®Ù…ÙŠØ± ÙˆØ§Ù„ØªÙ‚Ø·ÙŠØ±. ÙˆÙ„Ù„Ø­Ù’Ù…Ø± Ø¢Ø«Ø§Ø± ØµØ­ÙŠØ© Ù…Ø¯Ù…Ø±Ø© Ù„Ù„Ø¬Ø³Ù… Ø¹Ù„Ù‰ Ø§Ù„Ù…Ø¯Ù‰ Ø§Ù„Ù‚ØµÙŠØ± ÙˆØ§Ù„Ø·ÙˆÙŠÙ„ØŒÙˆØªØ¤Ø«Ø± ÙÙŠ Ø­ÙŠØ§Ø© Ø§Ù„Ø´Ø®Øµ Ø§Ù„Ø§Ø¬ØªÙ…Ø§Ø¹ÙŠØ©ØŒÙƒÙ…Ø§ Ù„Ù‡Ø§ Ø¹ÙˆØ§Ù‚Ø¨ ÙˆØ®ÙŠÙ…Ø© Ø¹Ù„Ù‰ Ø§Ù„Ù…Ø¬ØªÙ…Ø¹Ø§Øª,ğŸ’,23,2,109,[],https://twitter.com/_bodz11/status/1398614024229691396
Ù†Ù‘Ø§ÙŠÙ,@_thenun,2021-05-29T14:40:12.000Z,Ø´ÙƒØ±Ø§ Ø¹ Ù„Ù„Ù…Ø¹Ù„ÙˆÙ…Ø© Ø§Ù„Ù‚ÙŠÙ…Ø© ÙˆØ§ØµÙ„ Ø¨Ø§Ø±Ùƒ Ø§Ù„Ù„Ù‡ ÙÙŠÙƒ,,ğŸ˜‚ ğŸ˜‚ ğŸ˜‚ ğŸ˜‚ ğŸ˜‚ ğŸ˜­ ğŸ˜­,1,,,[],https://twitter.com/_thenun/status/1398650385552793609
Ø±ÙŠØ§Ø¶,@iiqwwp,2021-05-22T17:53:41.000Z,"Replying to 
@_thenun
 and 
@halwsa_",Ù…Ø¶ÙŠØ¹ÙŠÙ† Ø¨ÙŠØªÙ‡Ù…ØŸ,,1,,,[],https://twitter.com/iiqwwp/status/1396162361493491715
Ù†Ù‘Ø§ÙŠÙ,@_thenun,2021-05-22T17:54:50.000Z,Ø§Ù„Ù„Ù‡ ÙŠØ¹ÙŠÙ† ÙˆÙ„ÙŠØ¯,,ğŸ˜‚ ğŸ˜‚ ğŸ˜‚ ğŸ˜‚ ğŸ˜‚,1,,,[],https://twitter.com/_thenun/status/1396162652951429121
Ù†Ù‘Ø§ÙŠÙ,@_thenun,2021-05-22T17:56:34.000Z,"Replying to 
@2iin2i
 @halwsa_
 and 
@iiqwwp",ÙŠØ¹Ù†ÙŠ Ø§Ù†ØºØ«ÙŠØªÙŠ Ù…Ø±ØªÙŠÙ† Ù†ÙˆØ±Ø± ,ğŸ˜‚ ğŸ˜‚ ğŸ˜‚ ğŸ˜‚ ğŸ˜‚ ğŸ˜‚,,,,[],https://twitter.com/_thenun/status/1396163086869045254
Ø¹ÙÙ…Ø±ØºÙ†Ù‘Ø§Ù….,@halwsa_,2021-05-22T12:24:50.000Z,Ø§Ø°Ø§ Ù…Ø§ØµØ§Ø±Øª Ø¹Ù„Ø§Ù‚ØªÙƒÙ… Ø§Ù„Ø²ÙˆØ¬ÙŠÙ‡ Ø²ÙŠ ÙƒØ°Ø§ Ù„Ø§ ØªØªØ²ÙˆØ¬ÙˆÙ†,,,587,90,409,"['https://pbs.twimg.com/media/E1_e_9DWEAQLxs3?format=jpg&name=small', 'https://pbs.twimg.com/media/E1_fAOoX0AEJ6qG?format=jpg&name=small']",https://twitter.com/halwsa_/status/1396079606759841799
Ù†Ù‘Ø§ÙŠÙ,@_thenun,2021-05-22T17:51:31.000Z,"ÙˆØ§Ù„Ù„Ù‡ Ù…Ø§ Ø§Ù†ØºØ« Ù„Ø­Ø§Ù„ÙŠ Ø§Ù†Ø§ Ø§Ø³ÙØ© @ixxxnor 
@iiqwwp",,ğŸ˜‚ ğŸ˜‚ ğŸ˜‚ ğŸ˜‚ ğŸ˜­,1,,,[],https://twitter.com/_thenun/status/1396161817349693449
Ø±ÙŠØ§Ø¶,@iiqwwp,2021-05-22T17:56:03.000Z,"Replying to 
@_thenun
 and 
@halwsa_",Ø´ÙƒÙ„Ù‡ Ø§ÙˆÙ„ Ù…Ø§ Ø¨ÙŠØ³Ù…Ø¹ Ø³ÙˆØ§Ù„ÙŠÙÙ‡Ù… Ø¨ÙŠØ±Ø¬Ø¹ Ù„Ø¨Ø·Ù† Ø§Ù…Ù‡,ğŸ˜­ ğŸ˜­ ğŸ’”,1,,1,[],https://twitter.com/iiqwwp/status/1396162960561692673
Ù†Ù‘Ø§ÙŠÙ,@_thenun,2021-05-22T17:57:53.000Z,Ù‡Ù‡Ù‡Ù‡Ù‡Ù‡Ù‡Ù‡Ù‡Ù‡Ù‡Ù‡Ù‡Ù‡Ù‡Ù‡Ù‡Ù‡Ù‡Ù‡Ù‡Ù‡Ù‡Ù‡Ù‡,,,,,,[],https://twitter.com/_thenun/status/1396163419502489601
Ù†Ù‘Ø§ÙŠÙ,@_thenun,2021-05-23T06:12:33.000Z,"Replying to 
@2iin2i
 @Ass115_
 and 7 others",Ù†ÙˆØ± ÙŠØ§Ø¬Ù…Ù„ ØµØ¯ÙØ© Ø§Ø­Ø¨Ùƒ,ğŸ˜­ â¤,,,,[],https://twitter.com/_thenun/status/1396348305785991170
Ù†Ù‘Ø§ÙŠÙ,@_thenun,2021-06-24T05:00:39.000Z,Movies it's life,"0:14
131 views",,1,,40,[],https://twitter.com/_thenun/status/1407926621697413121
Ù†Ù‘Ø§ÙŠÙ,@_thenun,2021-06-27T09:06:25.000Z,,,,,,105,['https://pbs.twimg.com/media/E44K0spX0AopHQY?format=jpg&name=small'],https://twitter.com/_thenun/status/1409075636916850693
Ù†Ù‘Ø§ÙŠÙ,@_thenun,2021-06-24T18:40:10.000Z,,,,,,12,['https://pbs.twimg.com/media/E4qxX4sXEAMoAgR?format=jpg&name=small'],https://twitter.com/_thenun/status/1408132861106995201
Ù†Ù‘Ø§ÙŠÙ,@_thenun,2021-06-25T07:16:42.000Z,,,,,,57,['https://pbs.twimg.com/media/E4teh3-XwAEaZGY?format=jpg&name=small'],https://twitter.com/_thenun/status/1408323246848720896
Ù†Ù‘Ø§ÙŠÙ,@_thenun,2021-06-29T06:20:54.000Z,"Replying to 
@ya_alhawsawi",Ù‡Ø°ÙŠ Ù…ÙˆØ§Ù‡Ø¨ ÙŠØ¬Ø¨ Ø§Ù„Ø­ÙØ§Ø¸ Ø¹Ù„ÙŠÙ‡Ø§ Ù„ÙƒÙ† ÙˆØ´ ØªÙ‚ÙˆÙ„ÙŠ Ù…Ùˆ Ø§ÙŠ Ø§Ø­Ø¯ ÙŠÙÙ‡Ù… Ø§Ù„Ù…ÙˆØ§Ù‡Ø¨ Ø§Ù„Ø¹Ø¸ÙŠÙ…Ø© Ù…Ø«Ù„Ù†Ø§ ÙˆÙØ¹Ù„Ø§ Ù„Ø§Ø²Ù… Ù„Ù†Ø§ Ø¨ÙŠØª Ù†ÙˆÙ…,,,,1,['https://pbs.twimg.com/media/E5B4HX1XEAAmJ31?format=jpg&name=small'],https://twitter.com/_thenun/status/1409758756305580033
Ù†Ù‘Ø§ÙŠÙ,@_thenun,2021-06-23T23:31:11.000Z,"Replying to 
@iii3ms_",Ø§Ù†Ø§ Ø¶Ø§ÙŠÙ‚ Ù…ÙˆØ¯Ø¯ÙŠ Ø¶Ø§ÙŠÙ‚ Ù†ÙØ³ÙŠ Ø¶Ø§ÙŠÙ‚ Ø¶ÙŠÙ‚Ù ÙƒØ§ÙŠØ¯,,,,,[],https://twitter.com/_thenun/status/1407843709434175489
Ø±ÙŠØ§Ø¶,@iiqwwp,2021-06-25T20:13:32.000Z,"Replying to 
@_thenun",Ø¬ÙÙˆ Ø¬ÙÙˆ,,1,,,[],https://twitter.com/iiqwwp/status/1408518744113045511
Ù†Ù‘Ø§ÙŠÙ,@_thenun,2021-06-25T20:41:39.000Z,ÙˆØ§Ù„Ù„Ù‡ ÙŠØ³Ø·Ø§ Ù‚Ø¯Ø±ØªÙŠ Ø¹ ÙÙ‡Ù… Ø§Ù„ÙƒÙ„Ù…Ø© ÙŠØ¯ÙˆØ¨Ùƒ Ù‚Ø¯ ÙƒØ¯Ù‡,,,1,,,[],https://twitter.com/_thenun/status/1408525821745283099
Ù†Ù‘Ø§ÙŠÙ,@_thenun,2021-06-26T06:29:08.000Z,"Replying to 
@catpve
 @sodfffh
 and 
@whrumor",,,,,2,['https://pbs.twimg.com/media/E4ydOx3XEAEaQMQ?format=jpg&name=small'],https://twitter.com/_thenun/status/1408673663931633666
Ù…ÙƒÙ‡ Makkah,@acb31211,2021-06-27T02:55:38.000Z,"Replying to 
@_thenun",ØªÙ‚Ø¨Ù„ Ø§Ù„Ù„Ù‡  Ø§Ù‡Ù… Ø´ÙŠ ÙŠÙƒÙˆÙ† Ù…Ø¹Ø§Ùƒ ØªØµØ±ÙŠØ­,ğŸ•‹,1,,,[],https://twitter.com/acb31211/status/1408982326684569600
Ù†Ù‘Ø§ÙŠÙ,@_thenun,2021-06-27T05:21:13.000Z,Ø§Ù…ÙŠÙ† ÙŠØ§Ø±Ø¨ ,,ğŸ’› ğŸ’›,,,,[],https://twitter.com/_thenun/status/1409018961430204417
Ø±Ø§Ù…Ø§ Ø¢Ù„ Ø¬Ø§Ø¨Ø± .,@ryee0_,2021-06-27T02:55:17.000Z,"Replying to 
@_thenun",ÙˆØ§Ù„Ù„Ù‡ÙŠ ,ğŸ˜­,1,,,[],https://twitter.com/ryee0_/status/1408982236108632072
Ù†Ù‘Ø§ÙŠÙ,@_thenun,2021-06-27T02:55:53.000Z,Ø®Ù„Ø§Øµ ØªÙ…,,,,,,[],https://twitter.com/_thenun/status/1408982386344407044
Ù†Ù‘Ø§ÙŠÙ,@_thenun,2021-06-26T06:31:54.000Z,"Replying to 
@3EENll",Øµ Ù†,,,,,[],https://twitter.com/_thenun/status/1408674360194445313
Ø±ÙŠØ§Ø¶,@iiqwwp,2021-06-25T13:01:54.000Z,Ø³Ø¨ÙˆØ´Ù„ÙŠ ÙˆØµÙ„ÙˆÙ‡ ÙŠØ³ØªØ§Ù‡Ù„ Ù…Ø¹ Ø§Ù†Ù‡ Ù…Ø±ÙŠØ¶ Ù„ÙƒÙ† Ø§Ù„Ø´ÙƒÙˆÙ‰ Ù„Ù„Ù‡,"special_Ù…Ø¨Ù„Ùƒ Ø§Ù„Ø¯ÙŠ Ø§Ù…_
@Hs10n9
 Â· Jun 25
Ø¨Ø§Ù‚ÙŠÙ„ÙŠ Ø¹Ù„Ù‰ Ø§Ù„Ù…Ø¦ÙˆÙŠØ© Ø§Ù„Ø®Ø§Ù…Ø³Ù‡ 16 Ø§Ø°Ø§ ÙˆØ¯ÙƒÙ… ØªØ¯Ø®Ù„ÙˆÙ†ÙŠ Ø¨ÙƒÙŠÙÙƒÙ… ØªØ±Ø§",,4,,4,"['https://pbs.twimg.com/profile_images/1416815909990187012/ZlGtRqiJ_mini.jpg', 'https://pbs.twimg.com/media/E4uilALXMAATc5D?format=jpg&name=small']",https://twitter.com/iiqwwp/status/1408410120892170243
Ù†Ù‘Ø§ÙŠÙ,@_thenun,2021-06-25T18:23:14.000Z,ØªÙ… ØªÙ…,,,1,,,[],https://twitter.com/_thenun/status/1408490985596805128
Ù†Ù‘Ø§ÙŠÙ,@_thenun,2021-06-25T18:57:05.000Z,"Replying to 
@_ciiv11",.,,,,,[],https://twitter.com/_thenun/status/1408499505801146376
Ù†Ù‘Ø§ÙŠÙ,@_thenun,2021-06-27T22:19:43.000Z,"Replying to 
@8CCl8",3,,,,,[],https://twitter.com/_thenun/status/1409275276450729989
Ù†Ù‘Ø§ÙŠÙ,@_thenun,2021-06-27T22:19:42.000Z,"Replying to 
@8CCl8",2,,,,,[],https://twitter.com/_thenun/status/1409275273602809859
Ù†Ù‘Ø§ÙŠÙ,@_thenun,2021-06-27T22:19:42.000Z,"Replying to 
@8CCl8",1,,,,,[],https://twitter.com/_thenun/status/1409275272617205764
Ù†Ù‘Ø§ÙŠÙ,@_thenun,2021-06-27T22:19:47.000Z,"Replying to 
@8CCl8",4,,,,,[],https://twitter.com/_thenun/status/1409275291537715204
Ù†Ù‘Ø§ÙŠÙ,@_thenun,2021-06-27T22:20:23.000Z,"Replying to 
@8CCl8",10,,,,,[],https://twitter.com/_thenun/status/1409275444160040963
Ù†Ù‘Ø§ÙŠÙ,@_thenun,2021-06-27T22:20:15.000Z,"Replying to 
@8CCl8",9,,,,,[],https://twitter.com/_thenun/status/1409275409871609860
Ù†Ù‘Ø§ÙŠÙ,@_thenun,2021-06-27T22:20:13.000Z,"Replying to 
@8CCl8",7,,,,,[],https://twitter.com/_thenun/status/1409275403118731264
Ø±ÙŠØ§Ø¶,@iiqwwp,2021-06-29T06:31:37.000Z,"ÙÙŠ Ù‡Ø°Ø§ Ø§Ù„ØµØ¨Ø§Ø­ Ø§Ù„Ø¬Ù…ÙŠÙ„ Ø§Ø³Ø£Ù„ Ø§Ù„Ù„Ù‡ Ø§Ù„ÙƒØ±ÙŠÙ… Ø§Ù† ÙŠÙƒØ±Ù…ÙƒÙ… Ø¬Ù…ÙŠØ¹Ø§ Ø¨Ø±Ø¶Ø§Ù‡ ÙˆØ§Ù† ÙŠØ³Ø¹Ø¯ÙƒÙ… ÙˆÙŠÙ…Ù†Ø­ÙƒÙ… Ø§Ù„ØµØ­Ø© Ø§Ù„Ø¯Ø§Ø¦Ù…Ø© ÙˆØªØ­Ù‚ÙŠÙ‚ Ù…Ø§ ØªØ­Ø¨ÙˆÙ†.
ØµØ¨Ø§Ø­ Ø§Ù„Ø®ÙŠØ± ",,ğŸ¤,6,,14,[],https://twitter.com/iiqwwp/status/1409761453402472451
Ù†Ù‘Ø§ÙŠÙ,@_thenun,2021-06-29T06:37:30.000Z,Ø§Ù…ÙŠÙ†  ÙŠØ§Ø±Ø¨ ÙˆÙŠØ§Ùƒ,,ğŸ’› ğŸ’›,,,1,[],https://twitter.com/_thenun/status/1409762935904387076
Ù†Ù‘Ø§ÙŠÙ,@_thenun,2021-06-27T02:54:59.000Z,"Replying to 
@ryee0_",Ù‚ÙˆÙ„ÙŠ Ø¨Ø§Ù„Ù„Ù‡ ,ğŸ˜­ ğŸ˜‚ ğŸ˜‚ ğŸ˜‚ ğŸ˜‚ ğŸ˜‚ ğŸ˜‚,1,,,[],https://twitter.com/_thenun/status/1408982161403875328
Ù†Ù‘Ø§ÙŠÙ,@_thenun,2021-06-24T01:02:49.000Z,"Replying to 
@8CCl8",Ø§Ù„Ù„Ù‡ Ø§ÙƒØ¨Ø± ÙŠØ­ÙØ¸Ù‡Ù… Ø±Ø¨ÙŠ,ğŸ’›,1,,,[],https://twitter.com/_thenun/status/1407866770719916035
Ø°Ø§Ù‡Ø¨Ù€Ø©,@__a7lli,2021-06-26T09:07:11.000Z,Ø§Ù…Ø³ ÙÙŠ ØºØ²Ù„ Ø¨Ø±Ø§Ø³ÙŠ ÙƒÙ†Øª Ø¨ÙƒØªØ¨Ù‡ Ø¨Ø³ Ø£Ø¬Ù„ØªÙ‡ Ø¹Ø´Ø§Ù† ÙŠÙˆÙ… Ø¬Ù…Ø¹Ù‡ ÙˆÙ†Ø³ÙŠØªÙ‡ Ø§Ù„ÙŠÙˆÙ… Ø§Ø¹ØªØ¨Ø±ÙˆÙ†ÙŠ ÙƒØªØ¨ØªÙ‡ ÙˆÙ‚ÙˆÙ„ÙˆØ§ Ø§Ù„Ù„Ù‡,,,3,,3,[],https://twitter.com/__a7lli/status/1408713439380377602
Ù†Ù‘Ø§ÙŠÙ,@_thenun,2021-06-26T09:18:25.000Z,Ø§Ù„Ù„Ù‡ Ø§Ù„Ù„Ù‡,,,1,,,[],https://twitter.com/_thenun/status/1408716265997414406
Ù†Ù‘Ø§ÙŠÙ,@_thenun,2021-06-24T19:54:42.000Z,"Replying to 
@8CCl8",ÙˆØ¹Ù„ÙŠÙƒÙ… Ø§Ù„Ø³Ù„Ø§Ù… ÙˆØ¹Ù„ÙŠÙƒÙ… Ø§Ù„Ø³Ù„Ø§Ù… ÙŠØ³Ø§ØªØ±,,1,,,[],https://twitter.com/_thenun/status/1408151615970983948
Ø¢Ø±ØªÙŠÙ€ÙÙ…|off.,@8CCl8,2021-06-24T21:26:35.000Z,"Replying to 
@_thenun","ÙŠØµÙÙŠØ± ØªÙ†Ø²Ù„ÙŠÙ‡Ø§ Ø¹Ù†Ø¯Ùƒ :

@il8cc 
Ø£Ø±ØªÙŠÙ€ÙÙ€Ù… Ø¨ÙŠØ¯Ø®ÙŒÙ€Ù„ Ø±Ù‚Ù… Ø¬Ø¯ÙŠØ¯ Ù…ØªÙÙØ§Ø¹Ù„ ÙˆÙŠØ±ÙØ¯Ù‡Ø§ + Ø¶ÙÙŠÙÙˆÙ‡ ÙˆÙ‡Ø§ØªÙÙˆØ§ ØªÙ…ØŸ.",,1,,,[],https://twitter.com/8CCl8/status/1408174742025216007
Ù†Ù‘Ø§ÙŠÙ,@_thenun,2021-06-24T21:31:49.000Z,Ø§ÙƒÙŠØ¯ ,,ğŸ’› ğŸ’›,1,,,[],https://twitter.com/_thenun/status/1408176057669361676
Ø±ÙˆØ§Ù†,@R26li,2021-06-26T07:52:49.000Z,Ø¹Ù„Ù‰ ÙƒØ«Ø± Ù…Ø§ Ø§ØªÙ‡Ø§ÙˆØ´ Ø§Ù†Ø§ ÙˆÙ…Ø­Ù…Ø¯ Ø§Ø®ÙˆÙŠ Ø§Ù„Ø§ Ø§Ù†Ù‡ Ù„Ù…Ø§ ØªØ¹Ø¨ Ø§Ù„Ø­ÙŠÙ† Ø§Ø­Ø³ Ø§Ù„Ø¯Ù†ÙŠØ§ ØµØ§Ø±Øª ÙƒØ¦ÙŠØ¨Ù‡ ÙˆÙˆØ¯ÙŠ Ø§Ø´ÙŠÙ„ Ø§Ù„ØªØ¹Ø¨ Ø¹Ù†Ù‡.,,ğŸ˜”,5,,8,[],https://twitter.com/R26li/status/1408694723846541314
Ù†Ù‘Ø§ÙŠÙ,@_thenun,2021-06-26T08:57:34.000Z,"Ø±Ø¨ÙŠ ÙŠØ¹Ø§ÙÙŠÙ‡ ÙˆÙŠØ­Ù…ÙŠÙ‡ ÙˆÙŠØ®Ù„ÙŠÙ‡ Ù„ÙƒÙ… 
Ø§Ù…ÙŠÙ†",,,1,,,[],https://twitter.com/_thenun/status/1408711019527036928
Ø¢Ø±ØªÙŠÙ€ÙÙ…|off.,@8CCl8,2021-06-24T00:33:25.000Z,"Replying to 
@_thenun",Ø­Ø±Ø§Ù… Ø¹Ø¹Ù„ÙŠÙƒÙ ØªØ®ÙŠÙ‘Ù„ÙˆØ§ ØªØ®ÙŠÙ‘Ù„ÙˆØ§ Ù¨ Ø¨Ø³ØŸ.,,1,,,[],https://twitter.com/8CCl8/status/1407859371963469824
Ù†Ù‘Ø§ÙŠÙ,@_thenun,2021-06-24T00:37:07.000Z,"Ù„Ø§ Ø§Ù†Øª Ù…Ø§ ÙÙ‡Ù…Øª Ø§Ø­Ù†Ø§ Ù…ØªØ­Ù…Ø³ÙŠÙ† ÙˆÙ…Ø³ØªØ¹Ø¬Ù„ÙŠÙ†
Ù†Ø¨ØºÙ‰ Ø¨Ø´ÙˆÙ ",,ğŸ˜‚,1,,,[],https://twitter.com/_thenun/status/1407860303983955970
Ø¹ÙÙŠØ¯,@alr9c,2021-06-27T02:27:47.000Z,"Replying to 
@Hs10n9",Ù‡Ù‡Ù‡Ù‡Ù‡Ù‡Ù‡Ù‡Ù‡Ù‡Ù‡Ù‡Ù‡Ù‡Ù‡Ù‡Ù‡Ù‡Ù‡Ù‡Ù‡Ù‡Ù‡Ù‡Ù‡Ù‡Ù‡ Ø§Ø¹ÙˆØ² Ø¨Ø§Ù„Ù„Ù‡,,2,,,[],https://twitter.com/alr9c/status/1408975315494445059
Ù†Ù‘Ø§ÙŠÙ,@_thenun,2021-06-27T02:43:26.000Z,"Ø­Ø±Ù Ø° ÙˆÙ„ÙŠØ³ Ø² Ø±ÙƒØ² Ø§Ù„Ù„Ù‡ ÙŠØ­ÙØ¸Ùƒ 
Ø­ØªÙ‰ Ù„Ùˆ ÙƒÙ†Øª ØªØ¹Ø±Ù ÙˆØªÙ…Ø²Ø­ ÙØ§Ù„Ø£ÙØ¶Ù„ Ø§Ù†Ùƒ Ù…Ø§ ØªØ¹ÙŠØ¯Ù‡Ø§",,,2,,,[],https://twitter.com/_thenun/status/1408979253648109573
Ø±ÙŠØ§Ø¶,@iiqwwp,2021-06-25T12:59:40.000Z,"Replying to 
@Hs10n9
 @fattenah45
 and 5 others","Ø§Ù„Ù„Ù‡Ù…Ù ÙÙŠ ÙŠÙˆÙ… Ø§Ù„Ø¬Ù…Ø¹Ù‡ Ø£Ø±Ø²Ù‚Ù†Ø§ Ø­Ù„Ùˆ Ø§Ù„Ø­ÙŠØ§Ø© ÙˆØ®ÙŠØ± Ø§Ù„Ø¹Ø·Ø§Ø¡ ÙˆØ³Ø¹Ø© Ø§Ù„Ø±Ø²Ù‚ ÙˆØ±Ø§Ø­Ø© Ø§Ù„Ø¨Ø§Ù„ ÙˆÙ„Ø¨Ø§Ø³ Ø§Ù„Ø¹Ø§ÙÙŠØ© ØŒ ÙˆØ­ÙØ³Ù† Ø§Ù„Ø®Ø§ØªÙ…Ù‡ 
@1mmodii
 @Diiiv07
 @_thenun",,4,,4,[],https://twitter.com/iiqwwp/status/1408409558339424267
Ù†Ù‘Ø§ÙŠÙ,@_thenun,2021-06-25T14:36:35.000Z,"@il8cc 
@2iin2i
 @SeKi__m
 
Ùˆ ÙÙŠ ÙŠÙˆÙ… Ø§Ù„Ø¬Ù…Ø¹Ø©
Ø§Ù„Ù„Ù‡Ù… Ø¨Ø¯Ù„ Ø£Ù‚Ø¯Ø§Ø±Ù†Ø§ Ø§Ù„Ù‰ Ø£Ø¬Ù…Ù„Ù‡Ø§
ÙØ£Ù†Øª Ø§Ù„Ù‚Ø§Ø¯Ø± Ø§Ù„Ø°ÙŠ Ù„Ø§ÙŠØ¹Ø¬Ø²Ù‡ Ø´ÙŠØ¡
""Ø¬Ù…Ø¹Ø© Ù…Ø¨Ø§Ø±ÙƒØ©""",,ğŸ’› ğŸ’›,3,,4,[],https://twitter.com/_thenun/status/1408433946950619145
Ù†Ù‘Ø§ÙŠÙ,@_thenun,2021-07-23T23:55:10.000Z,"You could be a bad motherfucker
But that don't make you a man",,,,,168,[],https://twitter.com/_thenun/status/1418721382070898689
Ù†Ù‘Ø§ÙŠÙ,@_thenun,2021-07-28T16:46:23.000Z,Ù…Ù† Ù†Ø§Ù„Ù Ø­ÙØ¨ÙÙ‘Ù‡Ø§ Ù†Ø§Ù„Ù Ø³Ø¨Ø¹Ù Ø§Ù„Ù…ÙØ¹Ø¬Ø²Ø§Øª .,,,,,181,[],https://twitter.com/_thenun/status/1420425415403921409
Ù†Ù‘Ø§ÙŠÙ,@_thenun,2021-07-18T06:14:49.000Z,ï´¿ÙˆÙØ¢ØªÙØ§ÙƒÙÙ… Ù…ÙÙ‘Ù† ÙƒÙÙ„ÙÙ‘ Ù…ÙØ§ Ø³ÙØ£ÙÙ„Ù’ØªÙÙ…ÙÙˆÙ‡Ùï´¾,,,,1,35,[],https://twitter.com/_thenun/status/1416642597574037505
Ù†Ù‘Ø§ÙŠÙ,@_thenun,2021-07-18T10:29:40.000Z,"Ø£ÙŠÙ† Ø£Ø¬Ø¯Ùƒ ÙŠØ¢Ø§Ù„Ù„Ù‡
ÙÙ‚Ø§Ù„ Ù„Ù‡Ù Ø¹Ø²ÙÙ‘ Ùˆ Ø¬Ù„ :
 "" ÙŠØ§ Ù…ÙˆØ³Ù‰ Ø£Ù†Ø§ Ø¹ÙÙ†Ø¯Ù Ø§Ù„Ù…ÙÙ†ÙƒØ³ÙØ±Ø© Ù‚Ù„ÙˆØ¨Ù‡Ù… """,,,,,36,[],https://twitter.com/_thenun/status/1416706731820847107
Ù†Ù‘Ø§ÙŠÙ,@_thenun,2021-07-28T16:42:30.000Z,"""Ø§Ù„Ø±Ø­Ù…Ø© Ø§Ù„ØªÙŠ Ø£Ù†Ø²Ù„Ù‡Ø§ Ø§Ù„Ù„Ù‡ Ø¹Ù„ÙŠÙ†Ø§ Ù‡ÙŠ ÙˆØ¬ÙˆØ¯ Ø§Ù„Ø£Ù…Ù‡Ø§Øª"".",,,,1,84,[],https://twitter.com/_thenun/status/1420424435249647622
Ù†Ù‘Ø§ÙŠÙ,@_thenun,2021-07-17T15:53:36.000Z,ØªØ­Ø¯ÙÙ‘Ø«Ù’ Ø¥Ù„ÙŠÙ‡Ø§ ÙƒÙ…Ø§ ÙŠØªØ­Ø¯ÙÙ‘Ø«Ù Ù†Ø§ÙŠÙŒ Ø¥Ù„Ù‰ ÙˆÙØªÙØ±Ù Ø®Ø§Ø¦ÙÙ ÙÙŠ Ø§Ù„ÙƒÙ…Ø§Ù†Ù,,,,,86,[],https://twitter.com/_thenun/status/1416425865819402253
Ù†Ù‘Ø§ÙŠÙ,@_thenun,2021-07-28T16:49:36.000Z,"Ø±Ø³Ø§Ù„Ø© Ø§Ù„Ù„ÙŠÙ„Ø© Ù…Ù† Ø´ÙÙ…Ø³ Ø§Ù„ØªÙØ¨Ø±ÙŠØ²ÙŠ : 

Ù…ÙØ§ Ø£Ù†ØªÙ ÙÙŠÙÙ‡ Ù„ÙÙ†Ù’ ÙŠÙØ¯ÙˆÙ… Ø·ÙÙˆÙŠÙ„Ø§Ù‹ ØŒ Ù‡ÙØ°Ø§ ÙÙÙ‚Ø· Ù…ÙØ§ ÙŠÙØ¨Ø¯Ùˆ Ù„Ùƒ ..",,,,1,69,[],https://twitter.com/_thenun/status/1420426224288026624
Ù†Ù‘Ø§ÙŠÙ,@_thenun,2021-07-28T00:54:16.000Z,"Ø£Ù† ÙŠØ¨Ø­Ø« Ø¹Ù†ÙŠ Ø¨Ù…Ø«Ù„ Ù„Ù‡ÙØªÙŠ Ùˆ Ø£Ù†Ø§ 
Ø£Ø¨Ø­Ø« Ø¹Ù† Ø§Ù„Ø´Ø§ÙŠ ÙƒÙ„ ØµØ¨Ø§Ø­ .",,,,,21,[],https://twitter.com/_thenun/status/1420185806623367169
Ù†Ù‘Ø§ÙŠÙ,@_thenun,2021-07-17T17:28:11.000Z,"Ù‡ÙŠ Ù…ÙÙ† Ø§Ù„Ù†Ø³Ø§Ø¡Ù Ø§Ù„Ù„Ø§ØªÙŠ ØªÙØ¬Ø¹Ù„ ÙƒÙÙ„ Ù…Ø§ ÙŠØ£ØªÙŠ Ø¨Ø¹Ø¯Ù‡Ø§ 
Ø³ÙØ®ÙŠÙ Ù„Ù„ØºØ§ÙŠØ© .",,,,,76,[],https://twitter.com/_thenun/status/1416449666795835401
Ù†Ù‘Ø§ÙŠÙ,@_thenun,2021-07-21T21:10:29.000Z,Ù†Ø­ÙŠÙ„Ø© ÙƒØ£Ù†Ù‘ Ø§Ù„Ø£Ø­Ø²Ø§Ù† Ø£ÙƒÙ„ÙØª Ù…Ù†ÙŠ .,,,,1,81,[],https://twitter.com/_thenun/status/1417955162778374146
Ù†Ù‘Ø§ÙŠÙ,@_thenun,2021-07-23T22:25:07.000Z,"ÙˆØ£ØªØ¨Ø§Ù‡Ù‰ Ø¨Ù†ÙØ³ÙŠØŒ Ù„Ø£Ù†Ù†ÙŠ ÙˆØ­Ø¯ÙŠ
Ø£Ø¹Ø±Ù Ù…Ø§ Ø¨Ø°Ù„ØªÙ‡ ÙÙŠ Ø³Ø¨ÙŠÙ„ Ø£Ù† Ø£ØµØ¨Ø­
Ù…Ø§ Ø£Ù†Ø§ Ø¹Ù„ÙŠÙ‡ Ø§Ù„ÙŠÙˆÙ… .",,,,1,80,[],https://twitter.com/_thenun/status/1418698718472200193
Ù†Ù‘Ø§ÙŠÙ,@_thenun,2021-07-17T00:25:43.000Z,"Replying to 
@SeKi__m",ÙŠØ§Ø±Ø¨,ğŸ˜‚ â¤ â¤,,,1,['https://pbs.twimg.com/media/E6dTcGPX0AUdhRB?format=jpg&name=small'],https://twitter.com/_thenun/status/1416192353434537987
Ù†Ù‘Ø§ÙŠÙ,@_thenun,2021-07-20T22:18:58.000Z,"Replying to 
@SeKi__m",,,,,1,['https://pbs.twimg.com/media/E6xcyWYWUAA-_nM?format=jpg&name=small'],https://twitter.com/_thenun/status/1417610006317486088
Ù†Ù‘Ø§ÙŠÙ,@_thenun,2021-07-24T18:29:34.000Z,Ø§Ù†Ø´Ù‡Ø¯,,,1,,1,['https://pbs.twimg.com/media/E7FOpJXWEAMvVIh?format=jpg&name=small'],https://twitter.com/_thenun/status/1419001829057343495
Ù†Ù‘Ø§ÙŠÙ,@_thenun,2021-07-21T21:12:50.000Z,"Replying to 
@8CCl8",Ø§ÙŠ,,1,,,['https://pbs.twimg.com/media/E62XPU-XMAETUgV?format=jpg&name=small'],https://twitter.com/_thenun/status/1417955751482568709
Ø¢Ø±ØªÙŠÙ€ÙÙ…|off.,@8CCl8,2021-07-28T00:30:10.000Z,ÙˆÙ…ÙØ§Ø°Ø§ Ù„Ùˆ Ø£Ø­Ø¨Ù‘ÙƒÙ Ø§Ø±ØªÙŠÙ… ÙˆØ¬ÙØ¹Ù„ Ù…Ø¨Ø³Ù…ÙƒÙ Ù…ÙØ³ØªØ¯ÙŠÙ…ØŸ.,,,7,,20,[],https://twitter.com/8CCl8/status/1420179740581941250
Ù†Ù‘Ø§ÙŠÙ,@_thenun,2021-07-28T00:55:50.000Z,Ù„Ø·ÙŠÙ,,ğŸ’› ğŸ’›,1,,1,['https://pbs.twimg.com/media/E7WD0gNWQAEoNwT?format=jpg&name=small'],https://twitter.com/_thenun/status/1420186199793229825
Ù†Ù‘Ø§ÙŠÙ,@_thenun,2021-07-28T16:32:27.000Z,"Replying to 
@iiqwwp",,ğŸ˜­,1,,1,['https://pbs.twimg.com/media/E7ZaMoKXsAcKSS7?format=jpg&name=small'],https://twitter.com/_thenun/status/1420421908932304901
Ù†Ù‘Ø§ÙŠÙ,@_thenun,2021-07-20T22:00:52.000Z,"Replying to 
@SeKi__m",Ø§Ø®ØªØ±ØªÙŠ Ù‚ÙˆÙ†Ù‚ ÙŠÙˆ Ø§Ù†ØªÙŠ ÙØ®Ø±ÙŠ ,â¤,1,,,['https://pbs.twimg.com/media/E6xYpN8XMAISxmv?format=jpg&name=360x360'],https://twitter.com/_thenun/status/1417605451118694403
Ø±ÙŠØ§Ø¶,@iiqwwp,2021-07-28T17:30:18.000Z,"Replying to 
@_thenun",ÙˆØ±ÙŠÙ†Ø§ Ø§Ù†ØªÙŠ ÙˆØ´ ,ğŸ˜‚ ğŸ˜‚,1,,,[],https://twitter.com/iiqwwp/status/1420436467646668808
Ù†Ù‘Ø§ÙŠÙ,@_thenun,2021-07-28T17:38:29.000Z,Ø§Ù†Ø§ Ø±Ù‚Ø§ØµÙ‡,,ğŸ˜‚ ğŸ˜‚ ğŸ˜‚ ğŸ˜‚ ğŸ˜­,1,,1,['https://pbs.twimg.com/media/E7ZpT3jWYAMdx7T?format=jpg&name=small'],https://twitter.com/_thenun/status/1420438526622158848
Ù†Ù‘Ø§ÙŠÙ,@_thenun,2021-07-20T22:09:46.000Z,"Replying to 
@SeKi__m",Ø§Ø­Ø¨Ù‡Ù… ÙƒÙ„Ù‡Ù… Ù„ÙƒÙ†  Ù…ÙŠÙ† Ù‡Ùˆ Ø§Ù„Ù„Ù‡ Ù„Ø§ ÙŠØ­ÙŠØ± Ù…Ø³Ù„Ù…,,1,,,['https://pbs.twimg.com/media/E6xarpWXMAQh63t?format=jpg&name=small'],https://twitter.com/_thenun/status/1417607692286312456
Ø±ÙŠØ§Ø¶,@iiqwwp,2021-07-24T18:40:00.000Z,"Replying to 
@_thenun",Ù…Ø§ÙÙŠ Ø§Ø­Ø¯ Ø§ÙÙ‡Ù… Ù…Ù†Ùƒ Ù„Ø§ ØªØªØ¹Ø¨ÙŠÙ† Ù†ÙØ³Ùƒ Ù…Ø¹Ù‡Ù…,,1,,,[],https://twitter.com/iiqwwp/status/1419004456503586825
Ù†Ù‘Ø§ÙŠÙ,@_thenun,2021-07-24T18:51:35.000Z,ÙˆØ§Ù„Ù„Ù‡ ÙŠØ¹Ù†ÙŠ Ø§Ù†Ø§ ÙŠØ§Ø®ÙŠ Ø°ÙˆÙ„ Ø§Ù„Ù†Ø§Ø³ Ø§Ù„ÙŠ ÙŠØ¹Ø±ÙÙˆØ§  ÙŠÙ…Ø¯Ø­ÙˆØ§ ,,ğŸ˜ ğŸ’›,1,,,['https://pbs.twimg.com/media/E7FTrt6WYAgYC2x?format=jpg&name=small'],https://twitter.com/_thenun/status/1419007371871981571
Ù†Ù‘Ø§ÙŠÙ,@_thenun,2021-07-17T00:16:22.000Z,"Replying to 
@SeKi__m","ÙŠÙˆÙ†ØªØ§ÙŠ Ù…Ù…ÙƒÙ† ÙŠÙ…ÙˆØª ØµØ­ ÙˆÙŠÙˆÙ‡Ø§Ù† Ø¨Ù…Ø§ Ø§Ù†Ù‡ Ø§Ù„Ù…Ø¬Ø±Ù… Ù Ø§ÙƒÙŠØ¯ Ø±Ø§Ø­ ÙŠÙ…ÙˆØª  ÙˆØ§Ø­ØªÙ…Ø§Ù„ÙŠØ© Ù…ÙˆØª Ù‡Ø§ÙŠØ§Ù† Ø¶Ø¦ÙŠÙ„Ø© Ù„ÙƒÙ†  Ù…ÙˆØ¬ÙˆØ¯Ø© 
Ø®Ø³Ø§Ø±Ø© ÙŠÙˆÙ†ØªØ§ÙŠ ÙˆÙŠÙˆÙ‡Ø§Ù† Ù…ÙˆØ¬Ø¹Ø© ØµØ¹Ø¨Ø© ÙˆØ§Ù„Ù„Ù‡ ØµØ¹Ø¨Ø©",,1,,,['https://pbs.twimg.com/media/E6dRTR5WEAQcuCA?format=jpg&name=small'],https://twitter.com/_thenun/status/1416190003215048706
Ù†Ù‘Ø§ÙŠÙ,@_thenun,2021-07-15T15:24:09.000Z,"Replying to 
@CllUUl",Ù Ø±Ø¹Ø§ÙŠØ© Ø§Ù„Ø±Ø¨ ,ğŸ’›,1,,1,[],https://twitter.com/_thenun/status/1415693677259857922
Ù†Ù‘Ø§ÙŠÙ,@_thenun,2021-07-16T23:18:51.000Z,"Replying to 
@SeKi__m",Ø­ØªÙ‰ Ø§Ù†Ø§ ÙˆÙ‚ÙØª ÙÙŠ 64 ÙˆÙƒÙ„ ÙŠÙˆÙ… Ø§Ù‚ÙˆÙ„  Ø¨ÙƒÙ…Ù„ Ø¨ÙƒÙ…Ù„ ÙˆÙ„Ù„Ø§Ù†,,1,,,[],https://twitter.com/_thenun/status/1416175525840789505
Ù†Ù‘Ø§ÙŠÙ,@_thenun,2021-07-17T00:32:35.000Z,"Replying to 
@SeKi__m","Ø¨Ø³ ØªØ¹Ø±ÙÙŠ Ø§Ù†Ø§ Ø±Ø§Ø­ Ø§Ø¨Ø¹Ø¯ Ø¹Ù†Ù‡Ù… Ø§Ù„ÙØªØ±Ø© Ø°ÙŠ 
ÙˆØ¨Ø±ÙˆØ­ Ù„Ø³ÙˆÙ„Ùˆ Ù„ÙŠÙÙ„ÙŠÙ†Ø¬ Ø´ÙˆÙÙŠÙ‡ Ø¬Ù…Ø§Ù„ Ø·ÙˆÙ„ ÙˆØ¹Ø±Ø¶ Ù‚ÙˆÙŠ Ø±Ø²ÙŠÙ† Ø·ÙŠØ¨ Ùˆ Ù…Ù„Ùƒ Ø¨Ø¹Ø¯ 
 Ø§Ø¹Ø±Ù Ù…Ø´Ø§Ø¹Ø±ÙŠ Ø§ØªØ¬Ø§Ù‡Ù‡ ÙƒÙŠÙ Ø®Ù„Ø§Øµ 
Ø³ÙˆÙ†Øº Ø¬ÙŠÙ† ÙˆÙˆ Ù‡Ùˆ Ø§Ù„Ø­Ø¨ Ù„Ù„Ø§ÙŠØ§Ù… Ø§Ù„Ù‚Ø§Ø¯Ù…Ø© ",ğŸ˜­ â¤,1,,,"['https://pbs.twimg.com/media/E6dVAWsWYAMM09L?format=jpg&name=small', 'https://pbs.twimg.com/media/E6dVA3nWUAAL6Ah?format=jpg&name=small']",https://twitter.com/_thenun/status/1416194084360925190
Ù†Ù‘Ø§ÙŠÙ,@_thenun,2021-07-18T20:05:36.000Z,"Replying to 
@8CCl8",ÙˆØ¹Ù„ÙŠÙƒÙ… Ø§Ù„Ø³Ù„Ø§Ù…,,,,1,[],https://twitter.com/_thenun/status/1416851670605107201
Ù†Ù‘Ø§ÙŠÙ,@_thenun,2021-07-20T22:16:40.000Z,"Replying to 
@SeKi__m","Ø§ÙŠ Ø³ÙˆÙŠØ± ØªÙˆ Ù‚Ø§Ø¯ Ø¹ÙŠÙ†ÙŠ Ø¯Ù…Ø¹Øª Ù…Ø§ Ø±Ø§Ø­ Ø§Ø®ØªØ§Ø± 
Ù„ÙƒÙ† Ù„ÙŠ Ø¯ÙˆÙ†Øº ÙˆÙˆÙƒ ÙƒØ§Ù† Ø±Ø§Ø¦Ø¹ Ù Ø§Ù„Ø¹ÙØ±ÙŠØª",,1,,,[],https://twitter.com/_thenun/status/1417609430905102338
Ù†Ù‘Ø§ÙŠÙ,@_thenun,2021-07-16T23:38:13.000Z,"Replying to 
@SeKi__m","ÙŠÙ‚Ù‡Ø± Ø¨Ø³ Ø­Ù„Ùˆ 
Ø¨Ø³ Ø§Ù†Ø§ Ù‚Ø±Ø±Øª Ø§Ø´Ø¯ Ø¹ Ù‚Ù„Ø¨ÙŠ ÙˆØ§ÙˆÙ‚Ù Ù…Ø¹ Ù‡Ø§ÙŠØ§Ù† Ø¨ØµØ±Ø§Ø­Ø© Ø¨Ø®ØªØ§Ø± Ø§Ù„Ø´Ø®ØµÙŠØ© Ø§Ù„Ù„ÙŠ Ù…Ø§Ø±Ø§Ø­ ØªÙ…ÙˆØª Ù Ø§Ù„Ù†Ù‡Ø§ÙŠØ© Ø¹Ø´Ø§Ù†  Ù…Ø§ Ø§Ø²Ø¹Ù„ ",ğŸ˜­ ğŸ˜‚ ğŸ˜‚,1,,,[],https://twitter.com/_thenun/status/1416180402281136129
Ù†Ù‘Ø§ÙŠÙ,@_thenun,2021-07-16T23:13:02.000Z,"Replying to 
@SeKi__m",Ø§Ù†ØªÙŠ Ù ÙØµÙ„ ÙƒÙ… ØŸØŸØŸ,,1,,,[],https://twitter.com/_thenun/status/1416174062401986562
Ø±ÙŠØ§Ø¶,@iiqwwp,2021-07-24T18:37:19.000Z,"Replying to 
@_thenun",Ù…Ù† Ù…Ø²Ø¹Ù„Ùƒ ,,1,,,[],https://twitter.com/iiqwwp/status/1419003781455437831
Ù†Ù‘Ø§ÙŠÙ,@_thenun,2021-07-24T18:39:23.000Z,Ø¬Ù‡Ù„Ø§ Ø³Ù†Ù…Ø§Ø¦ÙŠÙŠÙ† ÙŠØ§Ø®ÙŠ,,,1,,,[],https://twitter.com/_thenun/status/1419004300290822145
Ù†Ù‘Ø§ÙŠÙ,@_thenun,2021-07-26T21:48:02.000Z,"Replying to 
@aa_kiq","Ù‡Ù‡Ù‡Ù‡Ù‡Ù‡Ù‡Ù‡Ù‡Ù‡Ù‡Ù‡Ù‡Ù‡ 
ÙƒÙ„ Ø¹Ø§Ù… ÙˆØ§Ù†Øª Ø¨Ø®ÙŠØ± ÙˆØ¹Ø§ÙÙŠØ© ÙˆØ¹ÙŠØ¯ Ù…ÙŠÙ„Ø§Ø¯ Ø³Ø¹ÙŠØ¯ ÙˆØ¹Ù…Ø± Ù…Ø¯ÙŠØ¯ Ø¹Ø³Ù‰ ÙƒÙ„ Ø¹Ø§Ù… Ùˆ Ø§Ø¨ØªØ³Ø§Ù…ØªÙƒ Ù…Ø´Ø±Ù‚Ø© ",ğŸ˜­ ğŸ‚ ğŸ ğŸŠ ğŸ‰,1,,1,[],https://twitter.com/_thenun/status/1419776551755952130
Ù†Ù‘Ø§ÙŠÙ,@_thenun,2021-07-16T23:14:28.000Z,"Replying to 
@_alrAmal
 and 
@Salman1i",Ø§ØªÙÙ‚ Ø§ØªÙÙ‚  Ø§ØªÙÙ‚,ğŸ˜­ ğŸ˜­ ğŸ˜­ ğŸ˜­,1,,,[],https://twitter.com/_thenun/status/1416174421635645444
Ù†Ù‘Ø§ÙŠÙ,@_thenun,2021-07-24T22:28:48.000Z,"Replying to 
@SongforarmybyJk
 @Wrqqh1
 and 
@ScreenMix",Ù‡Ù‡Ù‡Ù‡Ù‡Ù‡Ù‡Ù‡Ù‡Ù‡Ù‡Ù‡Ù‡Ù‡Ù‡Ù‡Ù‡Ù‡Ù‡Ù‡Ù‡Ù‡Ù‡Ù‡Ù‡Ù‡Ù‡Ù‡Ù‡Ù‡Ù‡ Ø´ÙÙŠÙ‡ Ø°Ø§  Ù…Ù† ØºÙ…Ø²Ø© Ø­Ù…Ø¯Ù„Ù„Ù‡ ÙˆØ§Ù„Ø´ÙƒØ±,,,,,[],https://twitter.com/_thenun/status/1419062033715240963
Ù†Ù‘Ø§ÙŠÙ,@_thenun,2021-07-18T11:58:37.000Z,"Replying to 
@dhmi10k
 @loly_266
 and 
@4xwl_",Ø§Ø±ØªØ­Øª Ø¨ØµØ±Ø§Ø­Ø© Ø§Ù†Ù‡ Ù…Ø´ Ø§Ù†Ø§ Ù„Ø­Ø§Ù„ÙŠ Ø¨ØªØ¹Ø±Ø¶ Ù„Ø°Ø§ Ø§Ù„Ù…ÙˆÙ‚Ù,,2,,,[],https://twitter.com/_thenun/status/1416729116984893441
Ù†Ù‘Ø§ÙŠÙ,@_thenun,2021-08-21T08:02:51.000Z,"#TheGreenKnight (2021) 
Directed by David Lowery",,,,5,115,"['https://pbs.twimg.com/media/E9TLsKNXIAIuQvC?format=jpg&name=360x360', 'https://pbs.twimg.com/media/E9TLtQQWQAMSO8q?format=jpg&name=360x360', 'https://pbs.twimg.com/media/E9TLs5eXIAIqNmp?format=jpg&name=360x360', 'https://pbs.twimg.com/media/E9TLtoFXoAAojOa?format=jpg&name=360x360']",https://twitter.com/_thenun/status/1428990971778371587
Ù†Ù‘Ø§ÙŠÙ,@_thenun,2021-08-27T16:06:33.000Z,81 T.V. show,,,,,190,['https://pbs.twimg.com/media/E9zz9f0XEAEFoud?format=jpg&name=small'],https://twitter.com/_thenun/status/1431287024498118661
Ù†Ù‘Ø§ÙŠÙ,@_thenun,2021-08-17T22:02:16.000Z,#movies it's life,,,1,1,84,['https://pbs.twimg.com/ext_tw_video_thumb/1427752530411393026/pu/img/sXFNgvAYgvbdV4PZ.jpg'],https://twitter.com/_thenun/status/1427752665216397317
Ù†Ù‘Ø§ÙŠÙ,@_thenun,2021-08-21T09:39:20.000Z,"Replying to 
@FilmstoFilms_","Do people seriously choose La La Land over Moulin Rouge 
 Seriously",,1,,7,['https://pbs.twimg.com/media/E9ThzIPWQAEg658?format=jpg&name=small'],https://twitter.com/_thenun/status/1429015253610807301
Ù†Ù‘Ø§ÙŠÙ,@_thenun,2021-08-17T01:17:01.000Z,"episode 4
ÙŠØ¬Ø¨ Ø£Ù† ØªÙƒÙˆÙ† Ù„ÙƒÙ„ Ø´ÙŠØ¡ Ø¨Ø¯Ø§ÙŠØ©",,,1,1,83,['https://pbs.twimg.com/media/E89IdeDXoAA0Hji?format=jpg&name=small'],https://twitter.com/_thenun/status/1427439288417927168
Ù†Ù‘Ø§ÙŠÙ,@_thenun,2021-08-23T10:45:39.000Z,Ù‡Ø°Ø§ Ø§Ù„ÙƒÙ… Ø§Ù„Ù‡Ø§Ø¦Ù„ Ù…Ù† Ø§Ù„Ø­Ø²Ù† ØŒ Ù…Ø¤Ø°ÙŠ Ø¬Ø¯Ù‹Ø§,,,1,1,87,[],https://twitter.com/_thenun/status/1429756717362040833
Ù†Ù‘Ø§ÙŠÙ,@_thenun,2021-08-22T11:44:20.000Z,"""ØªØºØ¶Ø¨ ÙƒØ£Ù†Ù‡Ø§ Ø³ØªØ¯ÙÙ…Ø± ÙƒÙ„ Ø´ÙŠØ¡ Ù„ÙƒÙ†Ù‡Ø§ ØªØ¨ÙƒÙŠ ÙÙ‚Ø·.""",,,1,1,134,[],https://twitter.com/_thenun/status/1429409096814448641
Ù†Ù‘Ø§ÙŠÙ,@_thenun,2021-08-22T11:52:26.000Z,"2021/8/20
""ÙƒÙ†Øª Ù‚Ø§Ø³ÙŠØ© Ù†ÙˆØ¹Ù‹Ø§ Ù…Ø§ Ù„ÙƒÙ†Ù†ÙŠ ÙÙŠ Ø§Ù„Ø­Ù‚ÙŠÙ‚Ø© ÙƒÙ†Øª Ù…ÙØªØ¹Ø¨Ù‡ Ù„Ø§ Ø£ÙƒØ«Ø±""",,,,,233,[],https://twitter.com/_thenun/status/1429411136777211907
Ù†Ù‘Ø§ÙŠÙ,@_thenun,2021-08-22T11:31:02.000Z,"ÙŠÙØ³ØªØ®Ø¯ÙÙ… Ø§Ù„Ø¹Ø±Ø§Ù‚ÙŠÙÙ‘ÙˆÙ† ..
Ù…ÙØµØ·Ù„Ø­ ( Ú¯Ù„Ø¨ÙŠ Ø®ÙÙ„ØµØ§Ù† ) ØŒ
Ø¥Ù†Ù‘Ù‡Ù ÙŠØµÙÙ Ø§Ù„Ø­ÙØ§Ù„ Ø¨ÙØ¯Ù‚Ù‘Ø© Ù‡Ø°Ù‡Ù Ø§Ù„Ø£ÙŠØ§Ù… .",,,,1,35,[],https://twitter.com/_thenun/status/1429405750816911365
Ù†Ù‘Ø§ÙŠÙ,@_thenun,2021-07-31T01:50:30.000Z,"Replying to 
@_thenun",Ø±ÙØ¨Ù…Ø§ ØªØ¬Ø¯ÙŠÙ† Ù†ÙØ³ÙƒÙ Ø¹Ø§Ø¯ÙŠØ© ÙˆÙ„ÙƒÙ†ÙƒÙ Ù…Ù…ÙŠØ²Ø©ØŒ Ù†Ø§Ø¯Ø±Ø© Ù„Ù… ØªÙƒÙˆÙ†ÙŠ ÙˆØ±Ø¯Ø© Ù…Ù„ÙˆÙ†Ø© Ø¨Ù„ ÙƒÙ†ØªÙ ÙˆØ±Ø¯Ø© Ø±Ù…Ø§Ø¯ÙŠØ© Ù„Ø§ÙØªØ©,,1,,156,[],https://twitter.com/_thenun/status/1421287120703049738
Ù†Ù‘Ø§ÙŠÙ,@_thenun,2021-08-21T08:47:38.000Z,Ø³Ø§Ø­Ø±Ø© Ùˆ Ø¬ÙÙ…ÛŒÙ„Ø©ØŒ Ùˆ Ú©Ø£Ù†Ù†ÙŠ Ø®Ø§Ø±Ø¬Ø© Ù…ÙÙ† Ù‚ØµÙ‘Ø© Ø®ÛŒØ§Ù„ÛŒØ© .,,,,,215,[],https://twitter.com/_thenun/status/1429002240895995906
Ù†Ù‘Ø§ÙŠÙ,@_thenun,2021-08-22T11:47:20.000Z,"""Ø¹Ù„Ù‰ Ø´Ø¬ÙØ±Ø© Ø§Ù„Ø¹Ø§Ø¦Ù„Ø© Ø§Ù„Ù†ÙØ³Ø§Ø¡ ÙÙØ±Ø§Ø´Ø§Øª""",,,,2,122,[],https://twitter.com/_thenun/status/1429409850480635911
Ù†Ù‘Ø§ÙŠÙ,@_thenun,2021-08-23T10:26:24.000Z,ÙÚ©ÙÙ„Ù†Ø§ ÛŒØ±ØºØ¨Ù ÙÙŠ Ø§Ù„Ø®Ø±ÙˆØ¬ Ù…ÙÙ† ÙˆØ§Ù‚Ø¹Ù‡ .,,,2,2,116,[],https://twitter.com/_thenun/status/1429751872827572231
Ù†Ù‘Ø§ÙŠÙ,@_thenun,2021-08-17T21:24:09.000Z,Ø§Ù‚Ø³Ù… Ø¨Ø§Ù„Ù„Ù‡ Ø§Ù†ÙŠ Ø§Ø­Ø§ÙˆÙ„ Ø§Ù„ØµÙ…ÙˆØ¯ Ù„ÙƒÙ† Ù‡Ø°Ø§ Ù…ØªØ¹Ø¨,,,1,,2,[],https://twitter.com/_thenun/status/1427743071270318082
Ù†Ù‘Ø§ÙŠÙ,@_thenun,2021-08-19T03:06:58.000Z,"ÙÙŠ Ø­ÙŠØ§Ø© Ø£Ø­Ø¯Ù‡Ù… ÙƒÙ†Øª 
Ø£Ù†Ø§ Ø¨Ù…Ø«Ø§Ø¨Ø© Ø§Ù„Ø®ÙŠØ± Ø§Ù„Ø°ÙŠ Ù„Ø§ ÙŠÙ†Ø³ÙŠ .",,,1,,85,[],https://twitter.com/_thenun/status/1428191733880434696
Ù†Ù‘Ø§ÙŠÙ,@_thenun,2021-08-27T16:28:35.000Z,Ø¥Ù„Ù‡ÙŠ Ø¥Ù†Ù‘ Ù‡Ø°Ù‡ Ø§Ù„Ø¨Ù‚Ø¹Ø© Ø§Ù„Ø¬ØºØ±Ø§ÙÙŠØ© Ø£ØµØ¨Ø­Øª Ø£Ø´Ø¯ Ø¸ÙÙ„Ù…Ø© Ù…Ù† Ø¨Ø·Ù† Ø§Ù„Ø­ÙˆØª ØŒ ÙÙ€ Ù„Ø§ Ø£Ù„Ù‡ Ø¥Ù„Ø§ Ø£Ù†Øª Ø³Ø¨Ø­Ø§Ù†Ùƒ Ø¥Ù†ÙŠ ÙƒÙÙ†Øª Ù…Ù† Ø§Ù„Ø¸Ø§Ù„Ù…ÙŠÙ† .,,,,1,107,[],https://twitter.com/_thenun/status/1431292571612061704
ANIME SHOT+,@Anime2S,2021-08-18T21:19:25.000Z,Ø´Ø®ØµÙŠØ© ØªÙ†Ø·Ø¨Ù‚ Ø¹Ù„ÙŠÙ‡Ø§ Ù‡Ø°Ø§ Ø§Ù„ÙƒÙ„Ø§Ù…ØŸ,,,506,403,606,['https://pbs.twimg.com/media/E9GlQ0qXEAUTN4r?format=jpg&name=small'],https://twitter.com/Anime2S/status/1428104271426371584
Ù†Ù‘Ø§ÙŠÙ,@_thenun,2021-08-18T21:20:44.000Z,Ù†Ø§Ø±ÙˆØªÙˆ ,GIF,â¤ â¤,,,,['https://pbs.twimg.com/tweet_video_thumb/E9GljtEWUAEf0Eh.jpg'],https://twitter.com/_thenun/status/1428104600775798795
Ù†Ù‘Ø§ÙŠÙ,@_thenun,2021-08-15T04:18:22.000Z,"Replying to 
@lW55l",ÙƒÙÙˆ ,â¤ â¤ â¤ â¤ â¤ â¤ â¤ â¤ ğŸ˜­,,,1,['https://pbs.twimg.com/media/E8zeyotXoAMh0My?format=jpg&name=360x360'],https://twitter.com/_thenun/status/1426760151193858052
Salman,@Salman1i,2021-08-22T12:00:08.000Z,ÙÙŠÙ„Ù… Ø±Ø§Ø¦Ø¹ ÙˆÙ…ÙØ¨Ù‡Ø± Ø¨ØµØ±ÙŠÙ‹Ø§ ÙˆØ³Ù…Ø¹ÙŠÙ‹Ø§ ÙŠØµÙˆØ± Ø±Ø­Ù„Ø© Ø®ÙŠØ§Ù„ÙŠØ© Ù…Ù…ØªØ¹Ø© ÙˆÙ…Ø´ÙˆÙ‚Ø© Ù„ÙØ§Ø±Ø³ ÙŠØ³Ø¹Ù‰ Ù„Ø¥Ø«Ø¨Ø§Øª Ù†ÙØ³Ù‡.,,â¤,1,1,21,"['https://pbs.twimg.com/media/E9ZK4PfWEAEA1zr?format=jpg&name=small', 'https://pbs.twimg.com/media/E9ZK54qWEAA9Np_?format=jpg&name=360x360']",https://twitter.com/Salman1i/status/1429413074021371909
Ù†Ù‘Ø§ÙŠÙ,@_thenun,2021-08-16T01:05:49.000Z,"Replying to 
@SeKi__m",ÙÙŠ Ø°Ø§ Ø§Ù„ÙÙ„Ù… Ø§ÙƒØªØ´ÙØª Ø§Ù† Ø¹Ù†Ø¯ÙŠ Ù…Ø´Ø§Ø¹Ø± ÙˆØ£Ø­Ø§Ø³ÙŠØ³ ,ğŸ˜‚ ğŸ˜‚ ğŸ˜‚ ğŸ˜­ ğŸ˜­ ğŸ˜­ ğŸ˜­ ğŸ˜­ ğŸ˜­ ğŸ˜­ ğŸ˜­ ğŸ˜­ ğŸ˜­ ğŸ˜­ ğŸ˜­ ğŸ’› ğŸ˜­,1,,,[],https://twitter.com/_thenun/status/1427074081002868739
Ù†Ù‘Ø§ÙŠÙ,@_thenun,2021-08-15T04:32:47.000Z,"Replying to 
@_11nxzz",.,,,,,[],https://twitter.com/_thenun/status/1426763777173856258
Ù†Ù‘Ø§ÙŠÙ,@_thenun,2021-08-26T16:31:23.000Z,"Replying to 
@2iin2i",Ø¨ØªÙˆÙÙŠÙ‚ ÙŠØ§Ø±Ø¨ ,ğŸ˜‚ ğŸ˜‚ ğŸ˜‚ ğŸ˜‚,,,,[],https://twitter.com/_thenun/status/1430930888527912966
Ø±ÙŠØ§Ø¶,@iiqwwp,2021-08-19T15:53:33.000Z,Ø§Ù„Ø­Ù…Ø¯ Ù„Ù„Ù‡ Ø¹Ù„Ù‰ Ù†Ø¹Ù…Ø© Ø§Ù„Ø£Ù‡Ù„ØŒ Ø§Ù„Ø­Ù…Ø¯ Ù„Ù„Ù‡ Ø¹Ù„Ù‰ Ù†Ø¹Ù…Ø©  Ø§Ù„Ø£Ø®ÙˆØ©ØŒ Ø§Ù„Ø­Ù…Ø¯ Ù„Ù„Ù‡ Ø¹Ù„Ù‰ Ø­Ø¨Ù‡Ù… ÙˆÙ‚Ø±Ø¨Ù‡Ù….. Ø§Ù„Ø­Ù…Ø¯ Ù„Ù„Ù‡ Ø¹Ù„Ù‰ ÙƒÙ„ Ø¹Ø·Ø§ÙŠØ§ Ø§Ù„Ø±Ø­Ù…Ù†..,,,14,,18,['https://pbs.twimg.com/media/E9KkQEWXIAkXqMz?format=jpg&name=small'],https://twitter.com/iiqwwp/status/1428384649974321157
Ù†Ù‘Ø§ÙŠÙ,@_thenun,2021-08-19T19:02:42.000Z,ÙŠØ¯ÙŠÙ…ÙƒÙ… ÙŠØ§Ø±Ø¨,,ğŸ’›,1,,1,[],https://twitter.com/_thenun/status/1428432252971671559
Ù†ÙˆÙ‘Ø±ØŒ | ÙƒÙˆØ¯ Ø³ØªØ§ÙŠÙ„ÙŠ NN0F.,@2iin2i,2021-08-15T04:01:23.000Z,ØµØ¨Ø§Ø­ Ø§Ù„ØµØ¨Ø§Ø­ ØŒ ØµØ¨Ø§Ø­ Ø§Ù„Ø¯ÙˆØ§Ù… .,,ğŸ¦¦ â¤,31,,37,[],https://twitter.com/2iin2i/status/1426755875696521219
Ù†Ù‘Ø§ÙŠÙ,@_thenun,2021-08-15T04:07:15.000Z,ØµØ¨Ø§Ø­ Ø§Ù„Ù†ÙˆØ± ÙŠØ§Ø¬Ù…ÙŠÙ„Ø©  ,,â¤ â¤,,,1,[],https://twitter.com/_thenun/status/1426757351944638465
Ø±ÙŠØ§Ø¶,@iiqwwp,2021-08-17T16:25:47.000Z,Ø¹Ù†Ø¯ÙŠ Ù‚Ù†Ø§Ø¹Ù‡ Ø§Ù† Ø§Ù„Ø³Ø¹Ø§Ø¯Ù‡ ØªÙƒÙˆÙ† Ø¹ Ù‡ÙŠØ¦Ù‡ Ø§Ø´Ø®Ø§Øµ ÙˆÙ„Ø§ ØªÙƒÙˆÙ† ÙÙŠ Ø§Ù„Ø§Ù…Ø§ÙƒÙ† Ù Ù„Ùˆ ÙƒØ§Ù† Ø¹Ù†Ø¯Ùƒ Ø§Ù„Ø§Ø´Ø®Ø§Øµ Ø§Ù„ØµØ­ ØµØ¯Ù‚Ù†ÙŠ Ø§ÙŠ Ù…ÙƒØ§Ù† Ø¨ ØªØ±ÙˆØ­ Ù„Ù‡ Ø¨ ØªØ³ØªØ§Ù†Ø³ ÙÙŠÙ‡ ÙˆØªÙ†Ø¨Ø³Ø· ÙˆØ§Ù„Ù„Ù‡ Ù„Ùˆ ØªØ±ÙˆØ­ Ø§Ù„Ø¨Ø± ÙˆØ§Ù†Øª Ù…Ø¹Ùƒ Ø§Ù„Ø§Ø´Ø®Ø§Øµ Ø§Ù„Ù‰ ØªØ­Ø¨Ù‡Ù… ÙˆØ¯Ø§ÙŠÙ… ÙŠÙƒÙˆÙ†ÙˆÙ† Ù…Ø¹Ùƒ ØµØ¯Ù‚Ù†ÙŠ Ø¨ ØªÙ†Ø¨Ø³Ø· Ù Ø¯Ø§ÙŠÙ… Ø§Ø¨Ø­Ø« Ø¹Ù† Ø§Ù„Ø§Ø´Ø®Ø§Øµ Ø§Ù„ØµØ­ Ù„Ù† Ù‡Ù… Ø§Ù„Ù‰ Ø±Ø§Ø­ ÙŠÙƒÙˆÙ†ÙˆÙ† Ø³Ø¨Ø¨ ÙÙŠ Ø³Ø¹Ø§Ø¯ØªÙƒ ,,ğŸ™,9,1,18,[],https://twitter.com/iiqwwp/status/1427667985787932682
Ù†Ù‘Ø§ÙŠÙ,@_thenun,2021-08-17T17:07:08.000Z,Ø§ØªÙÙ‚,,,1,,1,[],https://twitter.com/_thenun/status/1427678394620293131
Ù…ÙŠÙ‘Ø³Ù…,@ooex_,2021-08-27T21:43:52.000Z,"Replying to 
@_thenun",ÙŠØ¯ÙŠÙ…Ù‡Ù…,,1,,,[],https://twitter.com/ooex_/status/1431371912597409799
Ù†Ù‘Ø§ÙŠÙ,@_thenun,2021-08-28T10:25:33.000Z,Ø§Ù…ÙŠÙ† ÙˆÙŠØ¯ÙŠÙ… Ù„Ùƒ Ø§Ø­Ø¨Ø§Ø¨Ùƒ ÙŠØ§Ø±Ø¨,,,,,,[],https://twitter.com/_thenun/status/1431563599596642307
Ø±ÙŠØ§Ø¶,@iiqwwp,2021-08-26T12:48:00.000Z,"Ù„ÙˆÙ„Ø§  Ø§Ù„Ø¬Ù…Ø± Ù…Ø§ ÙØ§Ø­Øª Ø±ÙŠØ­Ø© Ø§Ù„Ø¹ÙˆØ¯ 
ÙˆÙ„ÙˆÙ„Ø§ Ø§Ù„Ù…ÙˆØ§Ù‚Ù Ù…Ø§ ØªØ¨ÙŠÙ† ØŒØŒ Ø§Ù„Ù…Ø¹Ø§Ø¯Ù†",,,2,1,15,[],https://twitter.com/iiqwwp/status/1430874670392389640
Ù†Ù‘Ø§ÙŠÙ,@_thenun,2021-08-26T13:01:02.000Z,Ù„ÙˆÙ„Ø§ Ø§Ù„Ù…ÙƒÙŠÙ Ù…Ø§ÙƒÙ†Øª Ø±Ø§Ø­ Ø§Ù†Ø§ Ø§Ù„Ø­ÙŠÙ†,,,1,,1,[],https://twitter.com/_thenun/status/1430877950451322882
Ù†Ù‘Ø§ÙŠÙ,@_thenun,2021-08-26T13:03:08.000Z,"Replying to 
@2iin2i
 and 
@iiqwwp",,ğŸ˜‚ ğŸ˜‚ ğŸ˜‚ ğŸ˜‚ ğŸ˜‚ ğŸ˜‚,,,1,[],https://twitter.com/_thenun/status/1430878480129011716
Draper,@ih2A_,2021-08-25T12:18:37.000Z,"Replying to 
@ScreenMix",Ù„Ù„Ø§Ø³Ù ÙÙŠ Ø§Ù„Ø³Ù†ÙŠÙ† Ø§Ù„Ø§Ø®ÙŠØ±Ø© Ø§Ù„Ø§ÙŠØ±Ø§Ù†ÙŠØ§Øª ØªÙÙˆÙ‚ÙˆØ§ Ø¹Ù„Ù‰ Ø§Ù„Ø¹Ø±Ø¨ÙŠØ§Øª Ù…Ù† Ù†Ø§Ø­ÙŠØ© Ø§Ù„Ø¬Ù…Ø§Ù„,,25,3,35,[],https://twitter.com/ih2A_/status/1430504886760873987
Ù†Ù‘Ø§ÙŠÙ,@_thenun,2021-08-25T12:19:49.000Z,Ù„ÙŠØ´ Ù„Ù„Ø§Ø³Ù,,,,,,[],https://twitter.com/_thenun/status/1430505190868889606
Neyî¨€|Ø£ÙÙ„Ø§Ù…,@Veorify,2021-08-18T22:02:52.000Z,Ø§Ø¨ÙˆÙŠ Ø¬Ø§Ù†ÙŠ ÙŠØ­Ù„Ù Ø§ÙŠ ÙˆØ§Ø­Ø¯ Ù…Ù† Ù…ØªØ§Ø¨Ø¹ÙŠÙ†ÙŠ ÙŠØ®Ù„Øµ Ù‡Ø°Ø§ Ø§Ù„ÙÙ„Ù… Ø¨Ø¯ÙˆÙ† Ø®ÙˆÙ Ø¨ÙŠØ¹Ø·ÙŠÙ‡ Ù§ Ø§Ù„Ø§Ù Ø±ÙŠØ§Ù„!,,ğŸ¬ ğŸ˜¨,411,527,8.2K,['https://pbs.twimg.com/media/E9GvMwNXIAAA2Ns?format=jpg&name=900x900'],https://twitter.com/Veorify/status/1428115206144729092
Ù†Ù‘Ø§ÙŠÙ,@_thenun,2021-08-20T06:08:44.000Z,ÙŠØ§ Ø³Ø®Ù Ø§Ù„ÙÙ„Ù…,,,,,,[],https://twitter.com/_thenun/status/1428599863642624007
Ù†ÙˆÙ‘Ø±ØŒ | ÙƒÙˆØ¯ Ø³ØªØ§ÙŠÙ„ÙŠ NN0F.,@2iin2i,2021-08-28T10:02:08.000Z,"Replying to 
@_F16lili","Ø§Ø³ØªØºÙØ±Ø§Ù„Ù„Ù‡ Ø¹Ù†ÙŠ ÙˆØ¹Ù† Ø­Ø¨ÙŠØ¨Ø§Øª Ù‚Ù„Ø¨ÙŠ 
@alndxx
 @_3iop
 @n____ei
 @_thenun
 @a_lliiiod
 @_mi32d",,4,,1,[],https://twitter.com/2iin2i/status/1431557706578604035
Ù†Ù‘Ø§ÙŠÙ,@_thenun,2021-08-28T10:26:21.000Z,Ø§Ø³ØªØºÙØ± Ø§Ù„Ù„Ù‡ ,,â¤ â¤,,,,[],https://twitter.com/_thenun/status/1431563800847728645
